correct_tick;human_selector_sent;human_selector_received;human_selector_mssg_json;human_sent;human_received;human_mssg_json;machine_sent;machine_received;machine_mssg_json;victim_sent;victim_received;victim_mssg_json;gravitygod_sent;gravitygod_received;gravitygod_mssg_json;rewardgod_sent;rewardgod_received;rewardgod_mssg_json;ontologygod_sent;ontologygod_received;ontologygod_mssg_json;robot_sent;robot_received;robot_mssg_json;world_nr;tick_nr
-1;;;;;;;;;;;;;;;;;;;;;;;;;1;0
0;{'name': 'bottom', 'delete': 'True'};I will now follow the Collaboration Pattern CP_known.;"{""content"": {""name"": ""bottom"", ""delete"": ""True""}, ""from_id"": ""human_selector"", ""to_id"": ""robot"", ""message_id"": ""37b692cd8ea033ebf5a38b2b3decac60""}";;I will now follow the Collaboration Pattern CP_known.;;;I will now follow the Collaboration Pattern CP_known.;;;I will now follow the Collaboration Pattern CP_known.;;;I will now follow the Collaboration Pattern CP_known.;;;I will now follow the Collaboration Pattern CP_known.;;;I will now follow the Collaboration Pattern CP_known.;;I will now follow the Collaboration Pattern CP_known.;{'name': 'bottom', 'delete': 'True'};"{""content"": ""I will now follow the Collaboration Pattern CP_known."", ""from_id"": ""robot"", ""to_id"": ""ontologygod"", ""message_id"": ""cb5ff2f7660120b053332e98765f81b4""}";1;1
1;;{'cp_delete': 'bottom', 'html': None};;;{'cp_delete': 'bottom', 'html': None};;;{'cp_delete': 'bottom', 'html': None};;;{'cp_delete': 'bottom', 'html': None};;;{'cp_delete': 'bottom', 'html': None};;;{'cp_delete': 'bottom', 'html': None};;{'cp_delete': 'bottom', 'html': None};;"{""content"": {""cp_delete"": ""bottom"", ""html"": null}, ""from_id"": ""ontologygod"", ""to_id"": ""robot"", ""message_id"": ""35b9d7b2840328dd350c694b1d8e1f3c""}";;{'cp_delete': 'bottom', 'html': None};;1;2
2;;{'cp_delete': 'falling ', 'html': None};;;{'cp_delete': 'falling ', 'html': None};;;{'cp_delete': 'falling ', 'html': None};;;{'cp_delete': 'falling ', 'html': None};;;{'cp_delete': 'falling ', 'html': None};;;{'cp_delete': 'falling ', 'html': None};;{'cp_delete': 'falling ', 'html': None};;"{""content"": {""cp_delete"": ""falling "", ""html"": null}, ""from_id"": ""ontologygod"", ""to_id"": ""robot"", ""message_id"": ""63da2a3a88db30c9c0c2fc2fb9243fce""}";;{'cp_delete': 'falling ', 'html': None};;1;3
3;;{'cp_delete': 'right side', 'html': None};;;{'cp_delete': 'right side', 'html': None};;;{'cp_delete': 'right side', 'html': None};;;{'cp_delete': 'right side', 'html': None};;;{'cp_delete': 'right side', 'html': None};;;{'cp_delete': 'right side', 'html': None};;{'cp_delete': 'right side', 'html': None};;"{""content"": {""cp_delete"": ""right side"", ""html"": null}, ""from_id"": ""ontologygod"", ""to_id"": ""robot"", ""message_id"": ""c578d760596693c20492e54e851d3ee0""}";;{'cp_delete': 'right side', 'html': None};;1;4
4;;;;;;;;;;;;;;;;;;;;;;;;;1;5
5;;;;;;;;;;;;;;;;;;;;;;;;;1;6
6;;;;;;;;;;;;;;;;;;;;;;;;;1;7
7;;;;;;;;;;;;;;;;;;;;;;;;;1;8
8;;;;;;;;;;;;;;;;;;;;;;;;;1;9
9;;;;;;;;;;;;;;;;;;;;;;;;;1;10
10;;;;;;;;;;;;;;;;;;;;;;;;;1;11
11;;;;;;;;;;;;;;;;;;;;;;;;;1;12
12;;;;;;;;;;;;;;;;;;;;;;;;;1;13
13;;;;;;;;;;;;;;;;;;;;;;;;;1;14
14;;;;;;;;;;;;;;;;;;;;;;;;;1;15
15;{'name': 'left side', 'delete': 'True'};;"{""content"": {""name"": ""left side"", ""delete"": ""True""}, ""from_id"": ""human_selector"", ""to_id"": ""robot"", ""message_id"": ""28b52667d407b93b0ca6883755fa7ad0""}";;{'name': 'left side', 'delete': 'True'};;;{'name': 'left side', 'delete': 'True'};;;{'name': 'left side', 'delete': 'True'};;;{'name': 'left side', 'delete': 'True'};;;{'name': 'left side', 'delete': 'True'};;;{'name': 'left side', 'delete': 'True'};;;{'name': 'left side', 'delete': 'True'};;1;16
16;;{'cp_delete': 'top of rock pile', 'html': None};;;{'cp_delete': 'top of rock pile', 'html': None};;;{'cp_delete': 'top of rock pile', 'html': None};;;{'cp_delete': 'top of rock pile', 'html': None};;;{'cp_delete': 'top of rock pile', 'html': None};;;{'cp_delete': 'top of rock pile', 'html': None};;{'cp_delete': 'top of rock pile', 'html': None};;"{""content"": {""cp_delete"": ""top of rock pile"", ""html"": null}, ""from_id"": ""ontologygod"", ""to_id"": ""robot"", ""message_id"": ""5795c83dc1fd6e8fb2bd412d99e2c104""}";;{'cp_delete': 'top of rock pile', 'html': None};;1;17
17;;{'cp_delete': 'left side', 'html': None};;;{'cp_delete': 'left side', 'html': None};;;{'cp_delete': 'left side', 'html': None};;;{'cp_delete': 'left side', 'html': None};;;{'cp_delete': 'left side', 'html': None};;;{'cp_delete': 'left side', 'html': None};;{'cp_delete': 'left side', 'html': None};;"{""content"": {""cp_delete"": ""left side"", ""html"": null}, ""from_id"": ""ontologygod"", ""to_id"": ""robot"", ""message_id"": ""5df826a1513332e8f504d718bbd41fed""}";;{'cp_delete': 'left side', 'html': None};;1;18
18;;;;;;;;;;;;;;;;;;;;;;;;;1;19
19;{'past_action': ['Stand still', ['Left side of field']]};;"{""content"": {""past_action"": [""Stand still"", [""Left side of field""]]}, ""from_id"": ""human_selector"", ""to_id"": ""robot"", ""message_id"": ""2ed143c467a06f3e4bed280db43f341d""}";;{'past_action': ['Stand still', ['Left side of field']]};;;{'past_action': ['Stand still', ['Left side of field']]};;;{'past_action': ['Stand still', ['Left side of field']]};;;{'past_action': ['Stand still', ['Left side of field']]};;;{'past_action': ['Stand still', ['Left side of field']]};;;{'past_action': ['Stand still', ['Left side of field']]};;;{'past_action': ['Stand still', ['Left side of field']]};;1;20
20;;;;;;;;;;;;;;;;;;;;;;;;;1;21
21;;;;;;;;;;;;;;;;;;;;;;;;;1;22
22;;;;;;;;;;;;;;;;;;;;;;;;;1;23
23;;;;;;;;;;;;;;;;;;;;;;;;;1;24
24;;;;;;;;;;;;;;;;;;;;;;;;;1;25
25;;;;;;;;;;;;;;;;;;;;;;;;;1;26
26;;;;;;;;;;;;;;;;;;;;;;;;;1;27
27;;;;;;;;;;;;;;;;;;;;;;;;;1;28
28;;;;;;;;;;;;;;;;;;;;;;;;;1;29
29;;;;;;;;;;;;;;;;;;;;;;;;;1;30
30;;;;;;;;;;;;;;;;;;;;;;;;;1;31
31;;;;;;;;;;;;;;;;;;;;;;;;;1;32
32;{'name': 'CP_known', 'delete': 'True'};;"{""content"": {""name"": ""CP_known"", ""delete"": ""True""}, ""from_id"": ""human_selector"", ""to_id"": ""robot"", ""message_id"": ""8e8e5febaba7f8f39b0d61876024e443""}";;{'name': 'CP_known', 'delete': 'True'};;;{'name': 'CP_known', 'delete': 'True'};;;{'name': 'CP_known', 'delete': 'True'};;;{'name': 'CP_known', 'delete': 'True'};;;{'name': 'CP_known', 'delete': 'True'};;;{'name': 'CP_known', 'delete': 'True'};;;{'name': 'CP_known', 'delete': 'True'};;1;33
33;;{'cp_delete': 'CP_known', 'html': None};;;{'cp_delete': 'CP_known', 'html': None};;;{'cp_delete': 'CP_known', 'html': None};;;{'cp_delete': 'CP_known', 'html': None};;;{'cp_delete': 'CP_known', 'html': None};;;{'cp_delete': 'CP_known', 'html': None};;{'cp_delete': 'CP_known', 'html': None};;"{""content"": {""cp_delete"": ""CP_known"", ""html"": null}, ""from_id"": ""ontologygod"", ""to_id"": ""robot"", ""message_id"": ""364f7f79e7f9e205a5bff458c6cc50fc""}";;{'cp_delete': 'CP_known', 'html': None};;1;34
34;;;;;;;;;;;;;;;;;;;;;;;;;1;35
35;;;;;;;;;;;;;;;;;;;;;;;;;1;36
36;;I will stop following the Collaboration Pattern CP_known;;;I will stop following the Collaboration Pattern CP_known;;;I will stop following the Collaboration Pattern CP_known;;;I will stop following the Collaboration Pattern CP_known;;;I will stop following the Collaboration Pattern CP_known;;;I will stop following the Collaboration Pattern CP_known;;;I will stop following the Collaboration Pattern CP_known;;I will stop following the Collaboration Pattern CP_known;;"{""content"": ""I will stop following the Collaboration Pattern CP_known"", ""from_id"": ""robot"", ""to_id"": ""ontologygod"", ""message_id"": ""250211fa294508deb847f3170b693633""}";1;37
37;;;;;;;;;;;;;;;;;;;;;;;;;1;38
38;;;;;;;;;;;;;;;;;;;;;;;;;1;39
39;{'past_action': ['Stand still', ['Left side of field']]};;"{""content"": {""past_action"": [""Stand still"", [""Left side of field""]]}, ""from_id"": ""human_selector"", ""to_id"": ""robot"", ""message_id"": ""933114fb6a6721e95723e04ca4ba2e20""}";;{'past_action': ['Stand still', ['Left side of field']]};;;{'past_action': ['Stand still', ['Left side of field']]};;;{'past_action': ['Stand still', ['Left side of field']]};;;{'past_action': ['Stand still', ['Left side of field']]};;;{'past_action': ['Stand still', ['Left side of field']]};;;{'past_action': ['Stand still', ['Left side of field']]};;;{'past_action': ['Stand still', ['Left side of field']]};;1;40
40;;;;;;;;;;;;;;;;;;;;;;;;;1;41
41;;;;;;;;;;;;;;;;;;;;;;;;;1;42
42;;;;;;;;;;;;;;;;;;;;;;;;;1;43
43;;;;;;;;;;;;;;;;;;;;;;;;;1;44
44;;;;;;;;;;;;;;;;;;;;;;;;;1;45
45;;;;;;;;;;;;;;;;;;;;;;;;;1;46
46;;;;;;;;;;;;;;;;;;;;;;;;;1;47
47;;;;;;;;;;;;;;;;;;;;;;;;;1;48
48;;;;;;;;;;;;;;;;;;;;;;;;;1;49
49;;;;;;;;;;;;;;;;;;;;;;;;;1;50
50;;;;;;;;;;;;;;;;;;;;;;;;;1;51
51;;;;;;;;;;;;;;;;;;;;;;;;;1;52
52;;;;;;;;;;;;;;;;;;;;;;;;;1;53
53;;;;;;;;;;;;;;;;;;;;;;;;;1;54
54;;;;;;;;;;;;;;;;;;;;;;;;;1;55
55;;;;;;;;;;;;;;;;;;;;;;;;;1;56
56;;;;;;;;;;;;;;;;;;;;;;;;;1;57
57;;;;;;;;;;;;;;;;;;;;;;;;;1;58
58;;;;;;;;;;;;;;;;;;;;;;;;;1;59
59;{'past_action': ['Stand still', ['Left side of field']]};;"{""content"": {""past_action"": [""Stand still"", [""Left side of field""]]}, ""from_id"": ""human_selector"", ""to_id"": ""robot"", ""message_id"": ""9d37c361efbf5cc6bd2fce83e628cab7""}";;{'past_action': ['Stand still', ['Left side of field']]};;;{'past_action': ['Stand still', ['Left side of field']]};;;{'past_action': ['Stand still', ['Left side of field']]};;;{'past_action': ['Stand still', ['Left side of field']]};;;{'past_action': ['Stand still', ['Left side of field']]};;;{'past_action': ['Stand still', ['Left side of field']]};;;{'past_action': ['Stand still', ['Left side of field']]};;1;60
60;;;;;;;;;;;;;;;;;;;;;;;;;1;61
61;;;;;;;;;;;;;;;;;;;;;;;;;1;62
62;;;;;;;;;;;;;;;;;;;;;;;;;1;63
63;;;;;;;;;;;;;;;;;;;;;;;;;1;64
64;;;;;;;;;;;;;;;;;;;;;;;;;1;65
65;;;;;;;;;;;;;;;;;;;;;;;;;1;66
66;;;;;;;;;;;;;;;;;;;;;;;;;1;67
67;;;;;;;;;;;;;;;;;;;;;;;;;1;68
68;;;;;;;;;;;;;;;;;;;;;;;;;1;69
69;;;;;;;;;;;;;;;;;;;;;;;;;1;70
70;;;;;;;;;;;;;;;;;;;;;;;;;1;71
71;;;;;;;;;;;;;;;;;;;;;;;;;1;72
72;;;;;;;;;;;;;;;;;;;;;;;;;1;73
73;;;;;;;;;;;;;;;;;;;;;;;;;1;74
74;;;;;;;;;;;;;;;;;;;;;;;;;1;75
75;;;;;;;;;;;;;;;;;;;;;;;;;1;76
76;;;;;;;;;;;;;;;;;;;;;;;;;1;77
77;;;;;;;;;;;;;;;;;;;;;;;;;1;78
78;;;;;;;;;;;;;;;;;;;;;;;;;1;79
79;{'past_action': ['Stand still', ['Left side of field']]};;"{""content"": {""past_action"": [""Stand still"", [""Left side of field""]]}, ""from_id"": ""human_selector"", ""to_id"": ""robot"", ""message_id"": ""b5de69c9c234cb14f5f3f8019d427acb""}";;{'past_action': ['Stand still', ['Left side of field']]};;;{'past_action': ['Stand still', ['Left side of field']]};;;{'past_action': ['Stand still', ['Left side of field']]};;;{'past_action': ['Stand still', ['Left side of field']]};;;{'past_action': ['Stand still', ['Left side of field']]};;;{'past_action': ['Stand still', ['Left side of field']]};;;{'past_action': ['Stand still', ['Left side of field']]};;1;80
80;;;;;;;;;;;;;;;;;;;;;;;;;1;81
81;;;;;;;;;;;;;;;;;;;;;;;;;1;82
82;;Now executing Pick up;;;Now executing Pick up;;;Now executing Pick up;;;Now executing Pick up;;;Now executing Pick up;;;Now executing Pick up;;;Now executing Pick up;;Now executing Pick up;;"{""content"": ""Now executing Pick up"", ""from_id"": ""robot"", ""to_id"": ""ontologygod"", ""message_id"": ""5303920a2f5b579ea2e896c86b6bb8d9""}";1;83
83;;;;;;;;;;;;;;;;;;;;;;;;;1;84
84;;;;;;;;;;;;;;;;;;;;;;;;;1;85
85;;;;;;;;;;;;;;;;;;;;;;;;;1;86
86;;;;;;;;;;;;;;;;;;;;;;;;;1;87
87;;;;;;;;;;;;;;;;;;;;;;;;;1;88
88;;;;;;;;;;;;;;;;;;;;;;;;;1;89
89;;;;;;;;;;;;;;;;;;;;;;;;;1;90
90;;;;;;;;;;;;;;;;;;;;;;;;;1;91
91;;;;;;;;;;;;;;;;;;;;;;;;;1;92
92;;;;;;;;;;;;;;;;;;;;;;;;;1;93
93;;;;;;;;;;;;;;;;;;;;;;;;;1;94
94;;;;;;;;;;;;;;;;;;;;;;;;;1;95
95;;;;;;;;;;;;;;;;;;;;;;;;;1;96
96;;;;;;;;;;;;;;;;;;;;;;;;;1;97
97;;;;;;;;;;;;;;;;;;;;;;;;;1;98
98;;;;;;;;;;;;;;;;;;;;;;;;;1;99
99;"{'name': 'CP_known', 'situation': ['<div class=""item location"" clonable=""false"" style="""">\n              <p>Top of rock pile</p>\n            </div><div class=""item object_cp"" clonable=""false"">\n              <p>Large rock</p>\n            </div></div>\n         ', '</div>\n      '], 'actionA': ['</div>\n              ', '</div>\n              ', '</div>\n          '], 'actionB': ['<div class=""item task"" clonable=""false"" style="""">\n              <p>Pick up </p><div class=""invulvakje""><i>object</i></div><p> in </p><div class=""invulvakje inv_loc""><i>location</i></div>\n            </div><div class=""item object_cp"" clonable=""false"" style="""">\n              <p>Large rock</p>\n            </div><div class=""item location"" clonable=""false"" style="""">\n              <p>Top of rock pile</p>\n            </div></div>\n              ', '<div class=""item task"" clonable=""false"" style="""">\n              <p>Drop </p><div class=""invulvakje""><i>object</i></div><p> in </p><div class=""invulvakje inv_loc""><i>location</i></div>\n            </div><div class=""item object_cp"" clonable=""false"" style="""">\n              <p>Large rock</p>\n            </div><div class=""item location"" clonable=""false"" style="""">\n              <button class=""leftrightbutton"" id=""leftrightbutton2""><i>Right</i></button><p> side of field</p>\n            </div></div>\n              ', '</div>\n          '], 'postsitu': ['/div>\n         ', '/div>\n      '], 'html_content': '{""situation"":""\\n                <div class=\\""box_cp box_situ\\"" id=\\""situationbox_1\\""><div class=\\""item location\\"" clonable=\\""false\\"" style=\\""\\"">\\n              <p>Top of rock pile</p>\\n            </div><div class=\\""item object_cp\\"" clonable=\\""false\\"">\\n              <p>Large rock</p>\\n            </div></div>\\n                <div class=\\""box_cp box_situ\\"" id=\\""situationbox_2\\""></div>\\n            "",""actionA"":""\\n                    <div class=\\""agent_name\\"" id=\\""ag_1\\"">Human</div>\\n                    <div class=\\""box_cp box_action\\"" id=\\""patternbox_1\\""></div>\\n                    <div class=\\""box_cp box_action\\"" id=\\""patternbox_2\\""></div>\\n                    <div class=\\""box_cp box_action\\"" id=\\""patternbox_3\\""></div>\\n                "",""actionB"":""\\n                    <div class=\\""agent_name\\"" id=\\""ag_2\\"">Robot</div>\\n                    <div class=\\""box_cp box_action\\"" id=\\""patternbox2_1\\""><div class=\\""item task\\"" clonable=\\""false\\"" style=\\""\\"">\\n              <p>Pick up </p><div class=\\""invulvakje\\""><i>object</i></div><p> in </p><div class=\\""invulvakje inv_loc\\""><i>location</i></div>\\n            </div><div class=\\""item object_cp\\"" clonable=\\""false\\"" style=\\""\\"">\\n              <p>Large rock</p>\\n            </div><div class=\\""item location\\"" clonable=\\""false\\"" style=\\""\\"">\\n              <p>Top of rock pile</p>\\n            </div></div>\\n                    <div class=\\""box_cp box_action\\"" id=\\""patternbox2_2\\""><div class=\\""item task\\"" clonable=\\""false\\"" style=\\""\\"">\\n              <p>Drop </p><div class=\\""invulvakje\\""><i>object</i></div><p> in </p><div class=\\""invulvakje inv_loc\\""><i>location</i></div>\\n            </div><div class=\\""item object_cp\\"" clonable=\\""false\\"" style=\\""\\"">\\n              <p>Large rock</p>\\n            </div><div class=\\""item location\\"" clonable=\\""false\\"" style=\\""\\"">\\n              <button class=\\""leftrightbutton\\"" id=\\""leftrightbutton2\\""><i>Right</i></button><p> side of field</p>\\n            </div></div>\\n                    <div class=\\""box_cp box_action\\"" id=\\""patternbox2_3\\""></div>\\n                "",""postsitu"":""\\n                <div class=\\""box_cp box_situ\\"" id=\\""postsitubox_1\\""></div>\\n                <div class=\\""box_cp box_situ\\"" id=\\""postsitubox_2\\""></div>\\n            ""}'}";;"{""content"": {""name"": ""CP_known"", ""situation"": [""<div class=\""item location\"" clonable=\""false\"" style=\""\"">\n              <p>Top of rock pile</p>\n            </div><div class=\""item object_cp\"" clonable=\""false\"">\n              <p>Large rock</p>\n            </div></div>\n         "", ""</div>\n      ""], ""actionA"": [""</div>\n              "", ""</div>\n              "", ""</div>\n          ""], ""actionB"": [""<div class=\""item task\"" clonable=\""false\"" style=\""\"">\n              <p>Pick up </p><div class=\""invulvakje\""><i>object</i></div><p> in </p><div class=\""invulvakje inv_loc\""><i>location</i></div>\n            </div><div class=\""item object_cp\"" clonable=\""false\"" style=\""\"">\n              <p>Large rock</p>\n            </div><div class=\""item location\"" clonable=\""false\"" style=\""\"">\n              <p>Top of rock pile</p>\n            </div></div>\n              "", ""<div class=\""item task\"" clonable=\""false\"" style=\""\"">\n              <p>Drop </p><div class=\""invulvakje\""><i>object</i></div><p> in </p><div class=\""invulvakje inv_loc\""><i>location</i></div>\n            </div><div class=\""item object_cp\"" clonable=\""false\"" style=\""\"">\n              <p>Large rock</p>\n            </div><div class=\""item location\"" clonable=\""false\"" style=\""\"">\n              <button class=\""leftrightbutton\"" id=\""leftrightbutton2\""><i>Right</i></button><p> side of field</p>\n            </div></div>\n              "", ""</div>\n          ""], ""postsitu"": [""/div>\n         "", ""/div>\n      ""], ""html_content"": ""{\""situation\"":\""\\n                <div class=\\\""box_cp box_situ\\\"" id=\\\""situationbox_1\\\""><div class=\\\""item location\\\"" clonable=\\\""false\\\"" style=\\\""\\\"">\\n              <p>Top of rock pile</p>\\n            </div><div class=\\\""item object_cp\\\"" clonable=\\\""false\\\"">\\n              <p>Large rock</p>\\n            </div></div>\\n                <div class=\\\""box_cp box_situ\\\"" id=\\\""situationbox_2\\\""></div>\\n            \"",\""actionA\"":\""\\n                    <div class=\\\""agent_name\\\"" id=\\\""ag_1\\\"">Human</div>\\n                    <div class=\\\""box_cp box_action\\\"" id=\\\""patternbox_1\\\""></div>\\n                    <div class=\\\""box_cp box_action\\\"" id=\\\""patternbox_2\\\""></div>\\n                    <div class=\\\""box_cp box_action\\\"" id=\\\""patternbox_3\\\""></div>\\n                \"",\""actionB\"":\""\\n                    <div class=\\\""agent_name\\\"" id=\\\""ag_2\\\"">Robot</div>\\n                    <div class=\\\""box_cp box_action\\\"" id=\\\""patternbox2_1\\\""><div class=\\\""item task\\\"" clonable=\\\""false\\\"" style=\\\""\\\"">\\n              <p>Pick up </p><div class=\\\""invulvakje\\\""><i>object</i></div><p> in </p><div class=\\\""invulvakje inv_loc\\\""><i>location</i></div>\\n            </div><div class=\\\""item object_cp\\\"" clonable=\\\""false\\\"" style=\\\""\\\"">\\n              <p>Large rock</p>\\n            </div><div class=\\\""item location\\\"" clonable=\\\""false\\\"" style=\\\""\\\"">\\n              <p>Top of rock pile</p>\\n            </div></div>\\n                    <div class=\\\""box_cp box_action\\\"" id=\\\""patternbox2_2\\\""><div class=\\\""item task\\\"" clonable=\\\""false\\\"" style=\\\""\\\"">\\n              <p>Drop </p><div class=\\\""invulvakje\\\""><i>object</i></div><p> in </p><div class=\\\""invulvakje inv_loc\\\""><i>location</i></div>\\n            </div><div class=\\\""item object_cp\\\"" clonable=\\\""false\\\"" style=\\\""\\\"">\\n              <p>Large rock</p>\\n            </div><div class=\\\""item location\\\"" clonable=\\\""false\\\"" style=\\\""\\\"">\\n              <button class=\\\""leftrightbutton\\\"" id=\\\""leftrightbutton2\\\""><i>Right</i></button><p> side of field</p>\\n            </div></div>\\n                    <div class=\\\""box_cp box_action\\\"" id=\\\""patternbox2_3\\\""></div>\\n                \"",\""postsitu\"":\""\\n                <div class=\\\""box_cp box_situ\\\"" id=\\\""postsitubox_1\\\""></div>\\n                <div class=\\\""box_cp box_situ\\\"" id=\\\""postsitubox_2\\\""></div>\\n            \""}""}, ""from_id"": ""human_selector"", ""to_id"": ""robot"", ""message_id"": ""f66f4b42658736059576dccde9c93b21""}";;"{'name': 'CP_known', 'situation': ['<div class=""item location"" clonable=""false"" style="""">\n              <p>Top of rock pile</p>\n            </div><div class=""item object_cp"" clonable=""false"">\n              <p>Large rock</p>\n            </div></div>\n         ', '</div>\n      '], 'actionA': ['</div>\n              ', '</div>\n              ', '</div>\n          '], 'actionB': ['<div class=""item task"" clonable=""false"" style="""">\n              <p>Pick up </p><div class=""invulvakje""><i>object</i></div><p> in </p><div class=""invulvakje inv_loc""><i>location</i></div>\n            </div><div class=""item object_cp"" clonable=""false"" style="""">\n              <p>Large rock</p>\n            </div><div class=""item location"" clonable=""false"" style="""">\n              <p>Top of rock pile</p>\n            </div></div>\n              ', '<div class=""item task"" clonable=""false"" style="""">\n              <p>Drop </p><div class=""invulvakje""><i>object</i></div><p> in </p><div class=""invulvakje inv_loc""><i>location</i></div>\n            </div><div class=""item object_cp"" clonable=""false"" style="""">\n              <p>Large rock</p>\n            </div><div class=""item location"" clonable=""false"" style="""">\n              <button class=""leftrightbutton"" id=""leftrightbutton2""><i>Right</i></button><p> side of field</p>\n            </div></div>\n              ', '</div>\n          '], 'postsitu': ['/div>\n         ', '/div>\n      '], 'html_content': '{""situation"":""\\n                <div class=\\""box_cp box_situ\\"" id=\\""situationbox_1\\""><div class=\\""item location\\"" clonable=\\""false\\"" style=\\""\\"">\\n              <p>Top of rock pile</p>\\n            </div><div class=\\""item object_cp\\"" clonable=\\""false\\"">\\n              <p>Large rock</p>\\n            </div></div>\\n                <div class=\\""box_cp box_situ\\"" id=\\""situationbox_2\\""></div>\\n            "",""actionA"":""\\n                    <div class=\\""agent_name\\"" id=\\""ag_1\\"">Human</div>\\n                    <div class=\\""box_cp box_action\\"" id=\\""patternbox_1\\""></div>\\n                    <div class=\\""box_cp box_action\\"" id=\\""patternbox_2\\""></div>\\n                    <div class=\\""box_cp box_action\\"" id=\\""patternbox_3\\""></div>\\n                "",""actionB"":""\\n                    <div class=\\""agent_name\\"" id=\\""ag_2\\"">Robot</div>\\n                    <div class=\\""box_cp box_action\\"" id=\\""patternbox2_1\\""><div class=\\""item task\\"" clonable=\\""false\\"" style=\\""\\"">\\n              <p>Pick up </p><div class=\\""invulvakje\\""><i>object</i></div><p> in </p><div class=\\""invulvakje inv_loc\\""><i>location</i></div>\\n            </div><div class=\\""item object_cp\\"" clonable=\\""false\\"" style=\\""\\"">\\n              <p>Large rock</p>\\n            </div><div class=\\""item location\\"" clonable=\\""false\\"" style=\\""\\"">\\n              <p>Top of rock pile</p>\\n            </div></div>\\n                    <div class=\\""box_cp box_action\\"" id=\\""patternbox2_2\\""><div class=\\""item task\\"" clonable=\\""false\\"" style=\\""\\"">\\n              <p>Drop </p><div class=\\""invulvakje\\""><i>object</i></div><p> in </p><div class=\\""invulvakje inv_loc\\""><i>location</i></div>\\n            </div><div class=\\""item object_cp\\"" clonable=\\""false\\"" style=\\""\\"">\\n              <p>Large rock</p>\\n            </div><div class=\\""item location\\"" clonable=\\""false\\"" style=\\""\\"">\\n              <button class=\\""leftrightbutton\\"" id=\\""leftrightbutton2\\""><i>Right</i></button><p> side of field</p>\\n            </div></div>\\n                    <div class=\\""box_cp box_action\\"" id=\\""patternbox2_3\\""></div>\\n                "",""postsitu"":""\\n                <div class=\\""box_cp box_situ\\"" id=\\""postsitubox_1\\""></div>\\n                <div class=\\""box_cp box_situ\\"" id=\\""postsitubox_2\\""></div>\\n            ""}'}";;;"{'name': 'CP_known', 'situation': ['<div class=""item location"" clonable=""false"" style="""">\n              <p>Top of rock pile</p>\n            </div><div class=""item object_cp"" clonable=""false"">\n              <p>Large rock</p>\n            </div></div>\n         ', '</div>\n      '], 'actionA': ['</div>\n              ', '</div>\n              ', '</div>\n          '], 'actionB': ['<div class=""item task"" clonable=""false"" style="""">\n              <p>Pick up </p><div class=""invulvakje""><i>object</i></div><p> in </p><div class=""invulvakje inv_loc""><i>location</i></div>\n            </div><div class=""item object_cp"" clonable=""false"" style="""">\n              <p>Large rock</p>\n            </div><div class=""item location"" clonable=""false"" style="""">\n              <p>Top of rock pile</p>\n            </div></div>\n              ', '<div class=""item task"" clonable=""false"" style="""">\n              <p>Drop </p><div class=""invulvakje""><i>object</i></div><p> in </p><div class=""invulvakje inv_loc""><i>location</i></div>\n            </div><div class=""item object_cp"" clonable=""false"" style="""">\n              <p>Large rock</p>\n            </div><div class=""item location"" clonable=""false"" style="""">\n              <button class=""leftrightbutton"" id=""leftrightbutton2""><i>Right</i></button><p> side of field</p>\n            </div></div>\n              ', '</div>\n          '], 'postsitu': ['/div>\n         ', '/div>\n      '], 'html_content': '{""situation"":""\\n                <div class=\\""box_cp box_situ\\"" id=\\""situationbox_1\\""><div class=\\""item location\\"" clonable=\\""false\\"" style=\\""\\"">\\n              <p>Top of rock pile</p>\\n            </div><div class=\\""item object_cp\\"" clonable=\\""false\\"">\\n              <p>Large rock</p>\\n            </div></div>\\n                <div class=\\""box_cp box_situ\\"" id=\\""situationbox_2\\""></div>\\n            "",""actionA"":""\\n                    <div class=\\""agent_name\\"" id=\\""ag_1\\"">Human</div>\\n                    <div class=\\""box_cp box_action\\"" id=\\""patternbox_1\\""></div>\\n                    <div class=\\""box_cp box_action\\"" id=\\""patternbox_2\\""></div>\\n                    <div class=\\""box_cp box_action\\"" id=\\""patternbox_3\\""></div>\\n                "",""actionB"":""\\n                    <div class=\\""agent_name\\"" id=\\""ag_2\\"">Robot</div>\\n                    <div class=\\""box_cp box_action\\"" id=\\""patternbox2_1\\""><div class=\\""item task\\"" clonable=\\""false\\"" style=\\""\\"">\\n              <p>Pick up </p><div class=\\""invulvakje\\""><i>object</i></div><p> in </p><div class=\\""invulvakje inv_loc\\""><i>location</i></div>\\n            </div><div class=\\""item object_cp\\"" clonable=\\""false\\"" style=\\""\\"">\\n              <p>Large rock</p>\\n            </div><div class=\\""item location\\"" clonable=\\""false\\"" style=\\""\\"">\\n              <p>Top of rock pile</p>\\n            </div></div>\\n                    <div class=\\""box_cp box_action\\"" id=\\""patternbox2_2\\""><div class=\\""item task\\"" clonable=\\""false\\"" style=\\""\\"">\\n              <p>Drop </p><div class=\\""invulvakje\\""><i>object</i></div><p> in </p><div class=\\""invulvakje inv_loc\\""><i>location</i></div>\\n            </div><div class=\\""item object_cp\\"" clonable=\\""false\\"" style=\\""\\"">\\n              <p>Large rock</p>\\n            </div><div class=\\""item location\\"" clonable=\\""false\\"" style=\\""\\"">\\n              <button class=\\""leftrightbutton\\"" id=\\""leftrightbutton2\\""><i>Right</i></button><p> side of field</p>\\n            </div></div>\\n                    <div class=\\""box_cp box_action\\"" id=\\""patternbox2_3\\""></div>\\n                "",""postsitu"":""\\n                <div class=\\""box_cp box_situ\\"" id=\\""postsitubox_1\\""></div>\\n                <div class=\\""box_cp box_situ\\"" id=\\""postsitubox_2\\""></div>\\n            ""}'}";;;"{'name': 'CP_known', 'situation': ['<div class=""item location"" clonable=""false"" style="""">\n              <p>Top of rock pile</p>\n            </div><div class=""item object_cp"" clonable=""false"">\n              <p>Large rock</p>\n            </div></div>\n         ', '</div>\n      '], 'actionA': ['</div>\n              ', '</div>\n              ', '</div>\n          '], 'actionB': ['<div class=""item task"" clonable=""false"" style="""">\n              <p>Pick up </p><div class=""invulvakje""><i>object</i></div><p> in </p><div class=""invulvakje inv_loc""><i>location</i></div>\n            </div><div class=""item object_cp"" clonable=""false"" style="""">\n              <p>Large rock</p>\n            </div><div class=""item location"" clonable=""false"" style="""">\n              <p>Top of rock pile</p>\n            </div></div>\n              ', '<div class=""item task"" clonable=""false"" style="""">\n              <p>Drop </p><div class=""invulvakje""><i>object</i></div><p> in </p><div class=""invulvakje inv_loc""><i>location</i></div>\n            </div><div class=""item object_cp"" clonable=""false"" style="""">\n              <p>Large rock</p>\n            </div><div class=""item location"" clonable=""false"" style="""">\n              <button class=""leftrightbutton"" id=""leftrightbutton2""><i>Right</i></button><p> side of field</p>\n            </div></div>\n              ', '</div>\n          '], 'postsitu': ['/div>\n         ', '/div>\n      '], 'html_content': '{""situation"":""\\n                <div class=\\""box_cp box_situ\\"" id=\\""situationbox_1\\""><div class=\\""item location\\"" clonable=\\""false\\"" style=\\""\\"">\\n              <p>Top of rock pile</p>\\n            </div><div class=\\""item object_cp\\"" clonable=\\""false\\"">\\n              <p>Large rock</p>\\n            </div></div>\\n                <div class=\\""box_cp box_situ\\"" id=\\""situationbox_2\\""></div>\\n            "",""actionA"":""\\n                    <div class=\\""agent_name\\"" id=\\""ag_1\\"">Human</div>\\n                    <div class=\\""box_cp box_action\\"" id=\\""patternbox_1\\""></div>\\n                    <div class=\\""box_cp box_action\\"" id=\\""patternbox_2\\""></div>\\n                    <div class=\\""box_cp box_action\\"" id=\\""patternbox_3\\""></div>\\n                "",""actionB"":""\\n                    <div class=\\""agent_name\\"" id=\\""ag_2\\"">Robot</div>\\n                    <div class=\\""box_cp box_action\\"" id=\\""patternbox2_1\\""><div class=\\""item task\\"" clonable=\\""false\\"" style=\\""\\"">\\n              <p>Pick up </p><div class=\\""invulvakje\\""><i>object</i></div><p> in </p><div class=\\""invulvakje inv_loc\\""><i>location</i></div>\\n            </div><div class=\\""item object_cp\\"" clonable=\\""false\\"" style=\\""\\"">\\n              <p>Large rock</p>\\n            </div><div class=\\""item location\\"" clonable=\\""false\\"" style=\\""\\"">\\n              <p>Top of rock pile</p>\\n            </div></div>\\n                    <div class=\\""box_cp box_action\\"" id=\\""patternbox2_2\\""><div class=\\""item task\\"" clonable=\\""false\\"" style=\\""\\"">\\n              <p>Drop </p><div class=\\""invulvakje\\""><i>object</i></div><p> in </p><div class=\\""invulvakje inv_loc\\""><i>location</i></div>\\n            </div><div class=\\""item object_cp\\"" clonable=\\""false\\"" style=\\""\\"">\\n              <p>Large rock</p>\\n            </div><div class=\\""item location\\"" clonable=\\""false\\"" style=\\""\\"">\\n              <button class=\\""leftrightbutton\\"" id=\\""leftrightbutton2\\""><i>Right</i></button><p> side of field</p>\\n            </div></div>\\n                    <div class=\\""box_cp box_action\\"" id=\\""patternbox2_3\\""></div>\\n                "",""postsitu"":""\\n                <div class=\\""box_cp box_situ\\"" id=\\""postsitubox_1\\""></div>\\n                <div class=\\""box_cp box_situ\\"" id=\\""postsitubox_2\\""></div>\\n            ""}'}";;;"{'name': 'CP_known', 'situation': ['<div class=""item location"" clonable=""false"" style="""">\n              <p>Top of rock pile</p>\n            </div><div class=""item object_cp"" clonable=""false"">\n              <p>Large rock</p>\n            </div></div>\n         ', '</div>\n      '], 'actionA': ['</div>\n              ', '</div>\n              ', '</div>\n          '], 'actionB': ['<div class=""item task"" clonable=""false"" style="""">\n              <p>Pick up </p><div class=""invulvakje""><i>object</i></div><p> in </p><div class=""invulvakje inv_loc""><i>location</i></div>\n            </div><div class=""item object_cp"" clonable=""false"" style="""">\n              <p>Large rock</p>\n            </div><div class=""item location"" clonable=""false"" style="""">\n              <p>Top of rock pile</p>\n            </div></div>\n              ', '<div class=""item task"" clonable=""false"" style="""">\n              <p>Drop </p><div class=""invulvakje""><i>object</i></div><p> in </p><div class=""invulvakje inv_loc""><i>location</i></div>\n            </div><div class=""item object_cp"" clonable=""false"" style="""">\n              <p>Large rock</p>\n            </div><div class=""item location"" clonable=""false"" style="""">\n              <button class=""leftrightbutton"" id=""leftrightbutton2""><i>Right</i></button><p> side of field</p>\n            </div></div>\n              ', '</div>\n          '], 'postsitu': ['/div>\n         ', '/div>\n      '], 'html_content': '{""situation"":""\\n                <div class=\\""box_cp box_situ\\"" id=\\""situationbox_1\\""><div class=\\""item location\\"" clonable=\\""false\\"" style=\\""\\"">\\n              <p>Top of rock pile</p>\\n            </div><div class=\\""item object_cp\\"" clonable=\\""false\\"">\\n              <p>Large rock</p>\\n            </div></div>\\n                <div class=\\""box_cp box_situ\\"" id=\\""situationbox_2\\""></div>\\n            "",""actionA"":""\\n                    <div class=\\""agent_name\\"" id=\\""ag_1\\"">Human</div>\\n                    <div class=\\""box_cp box_action\\"" id=\\""patternbox_1\\""></div>\\n                    <div class=\\""box_cp box_action\\"" id=\\""patternbox_2\\""></div>\\n                    <div class=\\""box_cp box_action\\"" id=\\""patternbox_3\\""></div>\\n                "",""actionB"":""\\n                    <div class=\\""agent_name\\"" id=\\""ag_2\\"">Robot</div>\\n                    <div class=\\""box_cp box_action\\"" id=\\""patternbox2_1\\""><div class=\\""item task\\"" clonable=\\""false\\"" style=\\""\\"">\\n              <p>Pick up </p><div class=\\""invulvakje\\""><i>object</i></div><p> in </p><div class=\\""invulvakje inv_loc\\""><i>location</i></div>\\n            </div><div class=\\""item object_cp\\"" clonable=\\""false\\"" style=\\""\\"">\\n              <p>Large rock</p>\\n            </div><div class=\\""item location\\"" clonable=\\""false\\"" style=\\""\\"">\\n              <p>Top of rock pile</p>\\n            </div></div>\\n                    <div class=\\""box_cp box_action\\"" id=\\""patternbox2_2\\""><div class=\\""item task\\"" clonable=\\""false\\"" style=\\""\\"">\\n              <p>Drop </p><div class=\\""invulvakje\\""><i>object</i></div><p> in </p><div class=\\""invulvakje inv_loc\\""><i>location</i></div>\\n            </div><div class=\\""item object_cp\\"" clonable=\\""false\\"" style=\\""\\"">\\n              <p>Large rock</p>\\n            </div><div class=\\""item location\\"" clonable=\\""false\\"" style=\\""\\"">\\n              <button class=\\""leftrightbutton\\"" id=\\""leftrightbutton2\\""><i>Right</i></button><p> side of field</p>\\n            </div></div>\\n                    <div class=\\""box_cp box_action\\"" id=\\""patternbox2_3\\""></div>\\n                "",""postsitu"":""\\n                <div class=\\""box_cp box_situ\\"" id=\\""postsitubox_1\\""></div>\\n                <div class=\\""box_cp box_situ\\"" id=\\""postsitubox_2\\""></div>\\n            ""}'}";;;"{'name': 'CP_known', 'situation': ['<div class=""item location"" clonable=""false"" style="""">\n              <p>Top of rock pile</p>\n            </div><div class=""item object_cp"" clonable=""false"">\n              <p>Large rock</p>\n            </div></div>\n         ', '</div>\n      '], 'actionA': ['</div>\n              ', '</div>\n              ', '</div>\n          '], 'actionB': ['<div class=""item task"" clonable=""false"" style="""">\n              <p>Pick up </p><div class=""invulvakje""><i>object</i></div><p> in </p><div class=""invulvakje inv_loc""><i>location</i></div>\n            </div><div class=""item object_cp"" clonable=""false"" style="""">\n              <p>Large rock</p>\n            </div><div class=""item location"" clonable=""false"" style="""">\n              <p>Top of rock pile</p>\n            </div></div>\n              ', '<div class=""item task"" clonable=""false"" style="""">\n              <p>Drop </p><div class=""invulvakje""><i>object</i></div><p> in </p><div class=""invulvakje inv_loc""><i>location</i></div>\n            </div><div class=""item object_cp"" clonable=""false"" style="""">\n              <p>Large rock</p>\n            </div><div class=""item location"" clonable=""false"" style="""">\n              <button class=""leftrightbutton"" id=""leftrightbutton2""><i>Right</i></button><p> side of field</p>\n            </div></div>\n              ', '</div>\n          '], 'postsitu': ['/div>\n         ', '/div>\n      '], 'html_content': '{""situation"":""\\n                <div class=\\""box_cp box_situ\\"" id=\\""situationbox_1\\""><div class=\\""item location\\"" clonable=\\""false\\"" style=\\""\\"">\\n              <p>Top of rock pile</p>\\n            </div><div class=\\""item object_cp\\"" clonable=\\""false\\"">\\n              <p>Large rock</p>\\n            </div></div>\\n                <div class=\\""box_cp box_situ\\"" id=\\""situationbox_2\\""></div>\\n            "",""actionA"":""\\n                    <div class=\\""agent_name\\"" id=\\""ag_1\\"">Human</div>\\n                    <div class=\\""box_cp box_action\\"" id=\\""patternbox_1\\""></div>\\n                    <div class=\\""box_cp box_action\\"" id=\\""patternbox_2\\""></div>\\n                    <div class=\\""box_cp box_action\\"" id=\\""patternbox_3\\""></div>\\n                "",""actionB"":""\\n                    <div class=\\""agent_name\\"" id=\\""ag_2\\"">Robot</div>\\n                    <div class=\\""box_cp box_action\\"" id=\\""patternbox2_1\\""><div class=\\""item task\\"" clonable=\\""false\\"" style=\\""\\"">\\n              <p>Pick up </p><div class=\\""invulvakje\\""><i>object</i></div><p> in </p><div class=\\""invulvakje inv_loc\\""><i>location</i></div>\\n            </div><div class=\\""item object_cp\\"" clonable=\\""false\\"" style=\\""\\"">\\n              <p>Large rock</p>\\n            </div><div class=\\""item location\\"" clonable=\\""false\\"" style=\\""\\"">\\n              <p>Top of rock pile</p>\\n            </div></div>\\n                    <div class=\\""box_cp box_action\\"" id=\\""patternbox2_2\\""><div class=\\""item task\\"" clonable=\\""false\\"" style=\\""\\"">\\n              <p>Drop </p><div class=\\""invulvakje\\""><i>object</i></div><p> in </p><div class=\\""invulvakje inv_loc\\""><i>location</i></div>\\n            </div><div class=\\""item object_cp\\"" clonable=\\""false\\"" style=\\""\\"">\\n              <p>Large rock</p>\\n            </div><div class=\\""item location\\"" clonable=\\""false\\"" style=\\""\\"">\\n              <button class=\\""leftrightbutton\\"" id=\\""leftrightbutton2\\""><i>Right</i></button><p> side of field</p>\\n            </div></div>\\n                    <div class=\\""box_cp box_action\\"" id=\\""patternbox2_3\\""></div>\\n                "",""postsitu"":""\\n                <div class=\\""box_cp box_situ\\"" id=\\""postsitubox_1\\""></div>\\n                <div class=\\""box_cp box_situ\\"" id=\\""postsitubox_2\\""></div>\\n            ""}'}";;;"{'name': 'CP_known', 'situation': ['<div class=""item location"" clonable=""false"" style="""">\n              <p>Top of rock pile</p>\n            </div><div class=""item object_cp"" clonable=""false"">\n              <p>Large rock</p>\n            </div></div>\n         ', '</div>\n      '], 'actionA': ['</div>\n              ', '</div>\n              ', '</div>\n          '], 'actionB': ['<div class=""item task"" clonable=""false"" style="""">\n              <p>Pick up </p><div class=""invulvakje""><i>object</i></div><p> in </p><div class=""invulvakje inv_loc""><i>location</i></div>\n            </div><div class=""item object_cp"" clonable=""false"" style="""">\n              <p>Large rock</p>\n            </div><div class=""item location"" clonable=""false"" style="""">\n              <p>Top of rock pile</p>\n            </div></div>\n              ', '<div class=""item task"" clonable=""false"" style="""">\n              <p>Drop </p><div class=""invulvakje""><i>object</i></div><p> in </p><div class=""invulvakje inv_loc""><i>location</i></div>\n            </div><div class=""item object_cp"" clonable=""false"" style="""">\n              <p>Large rock</p>\n            </div><div class=""item location"" clonable=""false"" style="""">\n              <button class=""leftrightbutton"" id=""leftrightbutton2""><i>Right</i></button><p> side of field</p>\n            </div></div>\n              ', '</div>\n          '], 'postsitu': ['/div>\n         ', '/div>\n      '], 'html_content': '{""situation"":""\\n                <div class=\\""box_cp box_situ\\"" id=\\""situationbox_1\\""><div class=\\""item location\\"" clonable=\\""false\\"" style=\\""\\"">\\n              <p>Top of rock pile</p>\\n            </div><div class=\\""item object_cp\\"" clonable=\\""false\\"">\\n              <p>Large rock</p>\\n            </div></div>\\n                <div class=\\""box_cp box_situ\\"" id=\\""situationbox_2\\""></div>\\n            "",""actionA"":""\\n                    <div class=\\""agent_name\\"" id=\\""ag_1\\"">Human</div>\\n                    <div class=\\""box_cp box_action\\"" id=\\""patternbox_1\\""></div>\\n                    <div class=\\""box_cp box_action\\"" id=\\""patternbox_2\\""></div>\\n                    <div class=\\""box_cp box_action\\"" id=\\""patternbox_3\\""></div>\\n                "",""actionB"":""\\n                    <div class=\\""agent_name\\"" id=\\""ag_2\\"">Robot</div>\\n                    <div class=\\""box_cp box_action\\"" id=\\""patternbox2_1\\""><div class=\\""item task\\"" clonable=\\""false\\"" style=\\""\\"">\\n              <p>Pick up </p><div class=\\""invulvakje\\""><i>object</i></div><p> in </p><div class=\\""invulvakje inv_loc\\""><i>location</i></div>\\n            </div><div class=\\""item object_cp\\"" clonable=\\""false\\"" style=\\""\\"">\\n              <p>Large rock</p>\\n            </div><div class=\\""item location\\"" clonable=\\""false\\"" style=\\""\\"">\\n              <p>Top of rock pile</p>\\n            </div></div>\\n                    <div class=\\""box_cp box_action\\"" id=\\""patternbox2_2\\""><div class=\\""item task\\"" clonable=\\""false\\"" style=\\""\\"">\\n              <p>Drop </p><div class=\\""invulvakje\\""><i>object</i></div><p> in </p><div class=\\""invulvakje inv_loc\\""><i>location</i></div>\\n            </div><div class=\\""item object_cp\\"" clonable=\\""false\\"" style=\\""\\"">\\n              <p>Large rock</p>\\n            </div><div class=\\""item location\\"" clonable=\\""false\\"" style=\\""\\"">\\n              <button class=\\""leftrightbutton\\"" id=\\""leftrightbutton2\\""><i>Right</i></button><p> side of field</p>\\n            </div></div>\\n                    <div class=\\""box_cp box_action\\"" id=\\""patternbox2_3\\""></div>\\n                "",""postsitu"":""\\n                <div class=\\""box_cp box_situ\\"" id=\\""postsitubox_1\\""></div>\\n                <div class=\\""box_cp box_situ\\"" id=\\""postsitubox_2\\""></div>\\n            ""}'}";;;"{'name': 'CP_known', 'situation': ['<div class=""item location"" clonable=""false"" style="""">\n              <p>Top of rock pile</p>\n            </div><div class=""item object_cp"" clonable=""false"">\n              <p>Large rock</p>\n            </div></div>\n         ', '</div>\n      '], 'actionA': ['</div>\n              ', '</div>\n              ', '</div>\n          '], 'actionB': ['<div class=""item task"" clonable=""false"" style="""">\n              <p>Pick up </p><div class=""invulvakje""><i>object</i></div><p> in </p><div class=""invulvakje inv_loc""><i>location</i></div>\n            </div><div class=""item object_cp"" clonable=""false"" style="""">\n              <p>Large rock</p>\n            </div><div class=""item location"" clonable=""false"" style="""">\n              <p>Top of rock pile</p>\n            </div></div>\n              ', '<div class=""item task"" clonable=""false"" style="""">\n              <p>Drop </p><div class=""invulvakje""><i>object</i></div><p> in </p><div class=""invulvakje inv_loc""><i>location</i></div>\n            </div><div class=""item object_cp"" clonable=""false"" style="""">\n              <p>Large rock</p>\n            </div><div class=""item location"" clonable=""false"" style="""">\n              <button class=""leftrightbutton"" id=""leftrightbutton2""><i>Right</i></button><p> side of field</p>\n            </div></div>\n              ', '</div>\n          '], 'postsitu': ['/div>\n         ', '/div>\n      '], 'html_content': '{""situation"":""\\n                <div class=\\""box_cp box_situ\\"" id=\\""situationbox_1\\""><div class=\\""item location\\"" clonable=\\""false\\"" style=\\""\\"">\\n              <p>Top of rock pile</p>\\n            </div><div class=\\""item object_cp\\"" clonable=\\""false\\"">\\n              <p>Large rock</p>\\n            </div></div>\\n                <div class=\\""box_cp box_situ\\"" id=\\""situationbox_2\\""></div>\\n            "",""actionA"":""\\n                    <div class=\\""agent_name\\"" id=\\""ag_1\\"">Human</div>\\n                    <div class=\\""box_cp box_action\\"" id=\\""patternbox_1\\""></div>\\n                    <div class=\\""box_cp box_action\\"" id=\\""patternbox_2\\""></div>\\n                    <div class=\\""box_cp box_action\\"" id=\\""patternbox_3\\""></div>\\n                "",""actionB"":""\\n                    <div class=\\""agent_name\\"" id=\\""ag_2\\"">Robot</div>\\n                    <div class=\\""box_cp box_action\\"" id=\\""patternbox2_1\\""><div class=\\""item task\\"" clonable=\\""false\\"" style=\\""\\"">\\n              <p>Pick up </p><div class=\\""invulvakje\\""><i>object</i></div><p> in </p><div class=\\""invulvakje inv_loc\\""><i>location</i></div>\\n            </div><div class=\\""item object_cp\\"" clonable=\\""false\\"" style=\\""\\"">\\n              <p>Large rock</p>\\n            </div><div class=\\""item location\\"" clonable=\\""false\\"" style=\\""\\"">\\n              <p>Top of rock pile</p>\\n            </div></div>\\n                    <div class=\\""box_cp box_action\\"" id=\\""patternbox2_2\\""><div class=\\""item task\\"" clonable=\\""false\\"" style=\\""\\"">\\n              <p>Drop </p><div class=\\""invulvakje\\""><i>object</i></div><p> in </p><div class=\\""invulvakje inv_loc\\""><i>location</i></div>\\n            </div><div class=\\""item object_cp\\"" clonable=\\""false\\"" style=\\""\\"">\\n              <p>Large rock</p>\\n            </div><div class=\\""item location\\"" clonable=\\""false\\"" style=\\""\\"">\\n              <button class=\\""leftrightbutton\\"" id=\\""leftrightbutton2\\""><i>Right</i></button><p> side of field</p>\\n            </div></div>\\n                    <div class=\\""box_cp box_action\\"" id=\\""patternbox2_3\\""></div>\\n                "",""postsitu"":""\\n                <div class=\\""box_cp box_situ\\"" id=\\""postsitubox_1\\""></div>\\n                <div class=\\""box_cp box_situ\\"" id=\\""postsitubox_2\\""></div>\\n            ""}'}";;1;100
100;;"{'cp_new': 'CP_known', 'html': '{""situation"":""\\n                <div class=\\""box_cp box_situ\\"" id=\\""situationbox_1\\""><div class=\\""item location\\"" clonable=\\""false\\"" style=\\""\\"">\\n              <p>Top of rock pile</p>\\n            </div><div class=\\""item object_cp\\"" clonable=\\""false\\"">\\n              <p>Large rock</p>\\n            </div></div>\\n                <div class=\\""box_cp box_situ\\"" id=\\""situationbox_2\\""></div>\\n            "",""actionA"":""\\n                    <div class=\\""agent_name\\"" id=\\""ag_1\\"">Human</div>\\n                    <div class=\\""box_cp box_action\\"" id=\\""patternbox_1\\""></div>\\n                    <div class=\\""box_cp box_action\\"" id=\\""patternbox_2\\""></div>\\n                    <div class=\\""box_cp box_action\\"" id=\\""patternbox_3\\""></div>\\n                "",""actionB"":""\\n                    <div class=\\""agent_name\\"" id=\\""ag_2\\"">Robot</div>\\n                    <div class=\\""box_cp box_action\\"" id=\\""patternbox2_1\\""><div class=\\""item task\\"" clonable=\\""false\\"" style=\\""\\"">\\n              <p>Pick up </p><div class=\\""invulvakje\\""><i>object</i></div><p> in </p><div class=\\""invulvakje inv_loc\\""><i>location</i></div>\\n            </div><div class=\\""item object_cp\\"" clonable=\\""false\\"" style=\\""\\"">\\n              <p>Large rock</p>\\n            </div><div class=\\""item location\\"" clonable=\\""false\\"" style=\\""\\"">\\n              <p>Top of rock pile</p>\\n            </div></div>\\n                    <div class=\\""box_cp box_action\\"" id=\\""patternbox2_2\\""><div class=\\""item task\\"" clonable=\\""false\\"" style=\\""\\"">\\n              <p>Drop </p><div class=\\""invulvakje\\""><i>object</i></div><p> in </p><div class=\\""invulvakje inv_loc\\""><i>location</i></div>\\n            </div><div class=\\""item object_cp\\"" clonable=\\""false\\"" style=\\""\\"">\\n              <p>Large rock</p>\\n            </div><div class=\\""item location\\"" clonable=\\""false\\"" style=\\""\\"">\\n              <button class=\\""leftrightbutton\\"" id=\\""leftrightbutton2\\""><i>Right</i></button><p> side of field</p>\\n            </div></div>\\n                    <div class=\\""box_cp box_action\\"" id=\\""patternbox2_3\\""></div>\\n                "",""postsitu"":""\\n                <div class=\\""box_cp box_situ\\"" id=\\""postsitubox_1\\""></div>\\n                <div class=\\""box_cp box_situ\\"" id=\\""postsitubox_2\\""></div>\\n            ""}'}";;;"{'cp_new': 'CP_known', 'html': '{""situation"":""\\n                <div class=\\""box_cp box_situ\\"" id=\\""situationbox_1\\""><div class=\\""item location\\"" clonable=\\""false\\"" style=\\""\\"">\\n              <p>Top of rock pile</p>\\n            </div><div class=\\""item object_cp\\"" clonable=\\""false\\"">\\n              <p>Large rock</p>\\n            </div></div>\\n                <div class=\\""box_cp box_situ\\"" id=\\""situationbox_2\\""></div>\\n            "",""actionA"":""\\n                    <div class=\\""agent_name\\"" id=\\""ag_1\\"">Human</div>\\n                    <div class=\\""box_cp box_action\\"" id=\\""patternbox_1\\""></div>\\n                    <div class=\\""box_cp box_action\\"" id=\\""patternbox_2\\""></div>\\n                    <div class=\\""box_cp box_action\\"" id=\\""patternbox_3\\""></div>\\n                "",""actionB"":""\\n                    <div class=\\""agent_name\\"" id=\\""ag_2\\"">Robot</div>\\n                    <div class=\\""box_cp box_action\\"" id=\\""patternbox2_1\\""><div class=\\""item task\\"" clonable=\\""false\\"" style=\\""\\"">\\n              <p>Pick up </p><div class=\\""invulvakje\\""><i>object</i></div><p> in </p><div class=\\""invulvakje inv_loc\\""><i>location</i></div>\\n            </div><div class=\\""item object_cp\\"" clonable=\\""false\\"" style=\\""\\"">\\n              <p>Large rock</p>\\n            </div><div class=\\""item location\\"" clonable=\\""false\\"" style=\\""\\"">\\n              <p>Top of rock pile</p>\\n            </div></div>\\n                    <div class=\\""box_cp box_action\\"" id=\\""patternbox2_2\\""><div class=\\""item task\\"" clonable=\\""false\\"" style=\\""\\"">\\n              <p>Drop </p><div class=\\""invulvakje\\""><i>object</i></div><p> in </p><div class=\\""invulvakje inv_loc\\""><i>location</i></div>\\n            </div><div class=\\""item object_cp\\"" clonable=\\""false\\"" style=\\""\\"">\\n              <p>Large rock</p>\\n            </div><div class=\\""item location\\"" clonable=\\""false\\"" style=\\""\\"">\\n              <button class=\\""leftrightbutton\\"" id=\\""leftrightbutton2\\""><i>Right</i></button><p> side of field</p>\\n            </div></div>\\n                    <div class=\\""box_cp box_action\\"" id=\\""patternbox2_3\\""></div>\\n                "",""postsitu"":""\\n                <div class=\\""box_cp box_situ\\"" id=\\""postsitubox_1\\""></div>\\n                <div class=\\""box_cp box_situ\\"" id=\\""postsitubox_2\\""></div>\\n            ""}'}";;;"{'cp_new': 'CP_known', 'html': '{""situation"":""\\n                <div class=\\""box_cp box_situ\\"" id=\\""situationbox_1\\""><div class=\\""item location\\"" clonable=\\""false\\"" style=\\""\\"">\\n              <p>Top of rock pile</p>\\n            </div><div class=\\""item object_cp\\"" clonable=\\""false\\"">\\n              <p>Large rock</p>\\n            </div></div>\\n                <div class=\\""box_cp box_situ\\"" id=\\""situationbox_2\\""></div>\\n            "",""actionA"":""\\n                    <div class=\\""agent_name\\"" id=\\""ag_1\\"">Human</div>\\n                    <div class=\\""box_cp box_action\\"" id=\\""patternbox_1\\""></div>\\n                    <div class=\\""box_cp box_action\\"" id=\\""patternbox_2\\""></div>\\n                    <div class=\\""box_cp box_action\\"" id=\\""patternbox_3\\""></div>\\n                "",""actionB"":""\\n                    <div class=\\""agent_name\\"" id=\\""ag_2\\"">Robot</div>\\n                    <div class=\\""box_cp box_action\\"" id=\\""patternbox2_1\\""><div class=\\""item task\\"" clonable=\\""false\\"" style=\\""\\"">\\n              <p>Pick up </p><div class=\\""invulvakje\\""><i>object</i></div><p> in </p><div class=\\""invulvakje inv_loc\\""><i>location</i></div>\\n            </div><div class=\\""item object_cp\\"" clonable=\\""false\\"" style=\\""\\"">\\n              <p>Large rock</p>\\n            </div><div class=\\""item location\\"" clonable=\\""false\\"" style=\\""\\"">\\n              <p>Top of rock pile</p>\\n            </div></div>\\n                    <div class=\\""box_cp box_action\\"" id=\\""patternbox2_2\\""><div class=\\""item task\\"" clonable=\\""false\\"" style=\\""\\"">\\n              <p>Drop </p><div class=\\""invulvakje\\""><i>object</i></div><p> in </p><div class=\\""invulvakje inv_loc\\""><i>location</i></div>\\n            </div><div class=\\""item object_cp\\"" clonable=\\""false\\"" style=\\""\\"">\\n              <p>Large rock</p>\\n            </div><div class=\\""item location\\"" clonable=\\""false\\"" style=\\""\\"">\\n              <button class=\\""leftrightbutton\\"" id=\\""leftrightbutton2\\""><i>Right</i></button><p> side of field</p>\\n            </div></div>\\n                    <div class=\\""box_cp box_action\\"" id=\\""patternbox2_3\\""></div>\\n                "",""postsitu"":""\\n                <div class=\\""box_cp box_situ\\"" id=\\""postsitubox_1\\""></div>\\n                <div class=\\""box_cp box_situ\\"" id=\\""postsitubox_2\\""></div>\\n            ""}'}";;;"{'cp_new': 'CP_known', 'html': '{""situation"":""\\n                <div class=\\""box_cp box_situ\\"" id=\\""situationbox_1\\""><div class=\\""item location\\"" clonable=\\""false\\"" style=\\""\\"">\\n              <p>Top of rock pile</p>\\n            </div><div class=\\""item object_cp\\"" clonable=\\""false\\"">\\n              <p>Large rock</p>\\n            </div></div>\\n                <div class=\\""box_cp box_situ\\"" id=\\""situationbox_2\\""></div>\\n            "",""actionA"":""\\n                    <div class=\\""agent_name\\"" id=\\""ag_1\\"">Human</div>\\n                    <div class=\\""box_cp box_action\\"" id=\\""patternbox_1\\""></div>\\n                    <div class=\\""box_cp box_action\\"" id=\\""patternbox_2\\""></div>\\n                    <div class=\\""box_cp box_action\\"" id=\\""patternbox_3\\""></div>\\n                "",""actionB"":""\\n                    <div class=\\""agent_name\\"" id=\\""ag_2\\"">Robot</div>\\n                    <div class=\\""box_cp box_action\\"" id=\\""patternbox2_1\\""><div class=\\""item task\\"" clonable=\\""false\\"" style=\\""\\"">\\n              <p>Pick up </p><div class=\\""invulvakje\\""><i>object</i></div><p> in </p><div class=\\""invulvakje inv_loc\\""><i>location</i></div>\\n            </div><div class=\\""item object_cp\\"" clonable=\\""false\\"" style=\\""\\"">\\n              <p>Large rock</p>\\n            </div><div class=\\""item location\\"" clonable=\\""false\\"" style=\\""\\"">\\n              <p>Top of rock pile</p>\\n            </div></div>\\n                    <div class=\\""box_cp box_action\\"" id=\\""patternbox2_2\\""><div class=\\""item task\\"" clonable=\\""false\\"" style=\\""\\"">\\n              <p>Drop </p><div class=\\""invulvakje\\""><i>object</i></div><p> in </p><div class=\\""invulvakje inv_loc\\""><i>location</i></div>\\n            </div><div class=\\""item object_cp\\"" clonable=\\""false\\"" style=\\""\\"">\\n              <p>Large rock</p>\\n            </div><div class=\\""item location\\"" clonable=\\""false\\"" style=\\""\\"">\\n              <button class=\\""leftrightbutton\\"" id=\\""leftrightbutton2\\""><i>Right</i></button><p> side of field</p>\\n            </div></div>\\n                    <div class=\\""box_cp box_action\\"" id=\\""patternbox2_3\\""></div>\\n                "",""postsitu"":""\\n                <div class=\\""box_cp box_situ\\"" id=\\""postsitubox_1\\""></div>\\n                <div class=\\""box_cp box_situ\\"" id=\\""postsitubox_2\\""></div>\\n            ""}'}";;;"{'cp_new': 'CP_known', 'html': '{""situation"":""\\n                <div class=\\""box_cp box_situ\\"" id=\\""situationbox_1\\""><div class=\\""item location\\"" clonable=\\""false\\"" style=\\""\\"">\\n              <p>Top of rock pile</p>\\n            </div><div class=\\""item object_cp\\"" clonable=\\""false\\"">\\n              <p>Large rock</p>\\n            </div></div>\\n                <div class=\\""box_cp box_situ\\"" id=\\""situationbox_2\\""></div>\\n            "",""actionA"":""\\n                    <div class=\\""agent_name\\"" id=\\""ag_1\\"">Human</div>\\n                    <div class=\\""box_cp box_action\\"" id=\\""patternbox_1\\""></div>\\n                    <div class=\\""box_cp box_action\\"" id=\\""patternbox_2\\""></div>\\n                    <div class=\\""box_cp box_action\\"" id=\\""patternbox_3\\""></div>\\n                "",""actionB"":""\\n                    <div class=\\""agent_name\\"" id=\\""ag_2\\"">Robot</div>\\n                    <div class=\\""box_cp box_action\\"" id=\\""patternbox2_1\\""><div class=\\""item task\\"" clonable=\\""false\\"" style=\\""\\"">\\n              <p>Pick up </p><div class=\\""invulvakje\\""><i>object</i></div><p> in </p><div class=\\""invulvakje inv_loc\\""><i>location</i></div>\\n            </div><div class=\\""item object_cp\\"" clonable=\\""false\\"" style=\\""\\"">\\n              <p>Large rock</p>\\n            </div><div class=\\""item location\\"" clonable=\\""false\\"" style=\\""\\"">\\n              <p>Top of rock pile</p>\\n            </div></div>\\n                    <div class=\\""box_cp box_action\\"" id=\\""patternbox2_2\\""><div class=\\""item task\\"" clonable=\\""false\\"" style=\\""\\"">\\n              <p>Drop </p><div class=\\""invulvakje\\""><i>object</i></div><p> in </p><div class=\\""invulvakje inv_loc\\""><i>location</i></div>\\n            </div><div class=\\""item object_cp\\"" clonable=\\""false\\"" style=\\""\\"">\\n              <p>Large rock</p>\\n            </div><div class=\\""item location\\"" clonable=\\""false\\"" style=\\""\\"">\\n              <button class=\\""leftrightbutton\\"" id=\\""leftrightbutton2\\""><i>Right</i></button><p> side of field</p>\\n            </div></div>\\n                    <div class=\\""box_cp box_action\\"" id=\\""patternbox2_3\\""></div>\\n                "",""postsitu"":""\\n                <div class=\\""box_cp box_situ\\"" id=\\""postsitubox_1\\""></div>\\n                <div class=\\""box_cp box_situ\\"" id=\\""postsitubox_2\\""></div>\\n            ""}'}";;;"{'cp_new': 'CP_known', 'html': '{""situation"":""\\n                <div class=\\""box_cp box_situ\\"" id=\\""situationbox_1\\""><div class=\\""item location\\"" clonable=\\""false\\"" style=\\""\\"">\\n              <p>Top of rock pile</p>\\n            </div><div class=\\""item object_cp\\"" clonable=\\""false\\"">\\n              <p>Large rock</p>\\n            </div></div>\\n                <div class=\\""box_cp box_situ\\"" id=\\""situationbox_2\\""></div>\\n            "",""actionA"":""\\n                    <div class=\\""agent_name\\"" id=\\""ag_1\\"">Human</div>\\n                    <div class=\\""box_cp box_action\\"" id=\\""patternbox_1\\""></div>\\n                    <div class=\\""box_cp box_action\\"" id=\\""patternbox_2\\""></div>\\n                    <div class=\\""box_cp box_action\\"" id=\\""patternbox_3\\""></div>\\n                "",""actionB"":""\\n                    <div class=\\""agent_name\\"" id=\\""ag_2\\"">Robot</div>\\n                    <div class=\\""box_cp box_action\\"" id=\\""patternbox2_1\\""><div class=\\""item task\\"" clonable=\\""false\\"" style=\\""\\"">\\n              <p>Pick up </p><div class=\\""invulvakje\\""><i>object</i></div><p> in </p><div class=\\""invulvakje inv_loc\\""><i>location</i></div>\\n            </div><div class=\\""item object_cp\\"" clonable=\\""false\\"" style=\\""\\"">\\n              <p>Large rock</p>\\n            </div><div class=\\""item location\\"" clonable=\\""false\\"" style=\\""\\"">\\n              <p>Top of rock pile</p>\\n            </div></div>\\n                    <div class=\\""box_cp box_action\\"" id=\\""patternbox2_2\\""><div class=\\""item task\\"" clonable=\\""false\\"" style=\\""\\"">\\n              <p>Drop </p><div class=\\""invulvakje\\""><i>object</i></div><p> in </p><div class=\\""invulvakje inv_loc\\""><i>location</i></div>\\n            </div><div class=\\""item object_cp\\"" clonable=\\""false\\"" style=\\""\\"">\\n              <p>Large rock</p>\\n            </div><div class=\\""item location\\"" clonable=\\""false\\"" style=\\""\\"">\\n              <button class=\\""leftrightbutton\\"" id=\\""leftrightbutton2\\""><i>Right</i></button><p> side of field</p>\\n            </div></div>\\n                    <div class=\\""box_cp box_action\\"" id=\\""patternbox2_3\\""></div>\\n                "",""postsitu"":""\\n                <div class=\\""box_cp box_situ\\"" id=\\""postsitubox_1\\""></div>\\n                <div class=\\""box_cp box_situ\\"" id=\\""postsitubox_2\\""></div>\\n            ""}'}";;"{'cp_new': 'CP_known', 'html': '{""situation"":""\\n                <div class=\\""box_cp box_situ\\"" id=\\""situationbox_1\\""><div class=\\""item location\\"" clonable=\\""false\\"" style=\\""\\"">\\n              <p>Top of rock pile</p>\\n            </div><div class=\\""item object_cp\\"" clonable=\\""false\\"">\\n              <p>Large rock</p>\\n            </div></div>\\n                <div class=\\""box_cp box_situ\\"" id=\\""situationbox_2\\""></div>\\n            "",""actionA"":""\\n                    <div class=\\""agent_name\\"" id=\\""ag_1\\"">Human</div>\\n                    <div class=\\""box_cp box_action\\"" id=\\""patternbox_1\\""></div>\\n                    <div class=\\""box_cp box_action\\"" id=\\""patternbox_2\\""></div>\\n                    <div class=\\""box_cp box_action\\"" id=\\""patternbox_3\\""></div>\\n                "",""actionB"":""\\n                    <div class=\\""agent_name\\"" id=\\""ag_2\\"">Robot</div>\\n                    <div class=\\""box_cp box_action\\"" id=\\""patternbox2_1\\""><div class=\\""item task\\"" clonable=\\""false\\"" style=\\""\\"">\\n              <p>Pick up </p><div class=\\""invulvakje\\""><i>object</i></div><p> in </p><div class=\\""invulvakje inv_loc\\""><i>location</i></div>\\n            </div><div class=\\""item object_cp\\"" clonable=\\""false\\"" style=\\""\\"">\\n              <p>Large rock</p>\\n            </div><div class=\\""item location\\"" clonable=\\""false\\"" style=\\""\\"">\\n              <p>Top of rock pile</p>\\n            </div></div>\\n                    <div class=\\""box_cp box_action\\"" id=\\""patternbox2_2\\""><div class=\\""item task\\"" clonable=\\""false\\"" style=\\""\\"">\\n              <p>Drop </p><div class=\\""invulvakje\\""><i>object</i></div><p> in </p><div class=\\""invulvakje inv_loc\\""><i>location</i></div>\\n            </div><div class=\\""item object_cp\\"" clonable=\\""false\\"" style=\\""\\"">\\n              <p>Large rock</p>\\n            </div><div class=\\""item location\\"" clonable=\\""false\\"" style=\\""\\"">\\n              <button class=\\""leftrightbutton\\"" id=\\""leftrightbutton2\\""><i>Right</i></button><p> side of field</p>\\n            </div></div>\\n                    <div class=\\""box_cp box_action\\"" id=\\""patternbox2_3\\""></div>\\n                "",""postsitu"":""\\n                <div class=\\""box_cp box_situ\\"" id=\\""postsitubox_1\\""></div>\\n                <div class=\\""box_cp box_situ\\"" id=\\""postsitubox_2\\""></div>\\n            ""}'}";;"{""content"": {""cp_new"": ""CP_known"", ""html"": ""{\""situation\"":\""\\n                <div class=\\\""box_cp box_situ\\\"" id=\\\""situationbox_1\\\""><div class=\\\""item location\\\"" clonable=\\\""false\\\"" style=\\\""\\\"">\\n              <p>Top of rock pile</p>\\n            </div><div class=\\\""item object_cp\\\"" clonable=\\\""false\\\"">\\n              <p>Large rock</p>\\n            </div></div>\\n                <div class=\\\""box_cp box_situ\\\"" id=\\\""situationbox_2\\\""></div>\\n            \"",\""actionA\"":\""\\n                    <div class=\\\""agent_name\\\"" id=\\\""ag_1\\\"">Human</div>\\n                    <div class=\\\""box_cp box_action\\\"" id=\\\""patternbox_1\\\""></div>\\n                    <div class=\\\""box_cp box_action\\\"" id=\\\""patternbox_2\\\""></div>\\n                    <div class=\\\""box_cp box_action\\\"" id=\\\""patternbox_3\\\""></div>\\n                \"",\""actionB\"":\""\\n                    <div class=\\\""agent_name\\\"" id=\\\""ag_2\\\"">Robot</div>\\n                    <div class=\\\""box_cp box_action\\\"" id=\\\""patternbox2_1\\\""><div class=\\\""item task\\\"" clonable=\\\""false\\\"" style=\\\""\\\"">\\n              <p>Pick up </p><div class=\\\""invulvakje\\\""><i>object</i></div><p> in </p><div class=\\\""invulvakje inv_loc\\\""><i>location</i></div>\\n            </div><div class=\\\""item object_cp\\\"" clonable=\\\""false\\\"" style=\\\""\\\"">\\n              <p>Large rock</p>\\n            </div><div class=\\\""item location\\\"" clonable=\\\""false\\\"" style=\\\""\\\"">\\n              <p>Top of rock pile</p>\\n            </div></div>\\n                    <div class=\\\""box_cp box_action\\\"" id=\\\""patternbox2_2\\\""><div class=\\\""item task\\\"" clonable=\\\""false\\\"" style=\\\""\\\"">\\n              <p>Drop </p><div class=\\\""invulvakje\\\""><i>object</i></div><p> in </p><div class=\\\""invulvakje inv_loc\\\""><i>location</i></div>\\n            </div><div class=\\\""item object_cp\\\"" clonable=\\\""false\\\"" style=\\\""\\\"">\\n              <p>Large rock</p>\\n            </div><div class=\\\""item location\\\"" clonable=\\\""false\\\"" style=\\\""\\\"">\\n              <button class=\\\""leftrightbutton\\\"" id=\\\""leftrightbutton2\\\""><i>Right</i></button><p> side of field</p>\\n            </div></div>\\n                    <div class=\\\""box_cp box_action\\\"" id=\\\""patternbox2_3\\\""></div>\\n                \"",\""postsitu\"":\""\\n                <div class=\\\""box_cp box_situ\\\"" id=\\\""postsitubox_1\\\""></div>\\n                <div class=\\\""box_cp box_situ\\\"" id=\\\""postsitubox_2\\\""></div>\\n            \""}""}, ""from_id"": ""ontologygod"", ""to_id"": ""robot"", ""message_id"": ""f7b49caaa462291212a861b1c29ad98f""}";;"{'cp_new': 'CP_known', 'html': '{""situation"":""\\n                <div class=\\""box_cp box_situ\\"" id=\\""situationbox_1\\""><div class=\\""item location\\"" clonable=\\""false\\"" style=\\""\\"">\\n              <p>Top of rock pile</p>\\n            </div><div class=\\""item object_cp\\"" clonable=\\""false\\"">\\n              <p>Large rock</p>\\n            </div></div>\\n                <div class=\\""box_cp box_situ\\"" id=\\""situationbox_2\\""></div>\\n            "",""actionA"":""\\n                    <div class=\\""agent_name\\"" id=\\""ag_1\\"">Human</div>\\n                    <div class=\\""box_cp box_action\\"" id=\\""patternbox_1\\""></div>\\n                    <div class=\\""box_cp box_action\\"" id=\\""patternbox_2\\""></div>\\n                    <div class=\\""box_cp box_action\\"" id=\\""patternbox_3\\""></div>\\n                "",""actionB"":""\\n                    <div class=\\""agent_name\\"" id=\\""ag_2\\"">Robot</div>\\n                    <div class=\\""box_cp box_action\\"" id=\\""patternbox2_1\\""><div class=\\""item task\\"" clonable=\\""false\\"" style=\\""\\"">\\n              <p>Pick up </p><div class=\\""invulvakje\\""><i>object</i></div><p> in </p><div class=\\""invulvakje inv_loc\\""><i>location</i></div>\\n            </div><div class=\\""item object_cp\\"" clonable=\\""false\\"" style=\\""\\"">\\n              <p>Large rock</p>\\n            </div><div class=\\""item location\\"" clonable=\\""false\\"" style=\\""\\"">\\n              <p>Top of rock pile</p>\\n            </div></div>\\n                    <div class=\\""box_cp box_action\\"" id=\\""patternbox2_2\\""><div class=\\""item task\\"" clonable=\\""false\\"" style=\\""\\"">\\n              <p>Drop </p><div class=\\""invulvakje\\""><i>object</i></div><p> in </p><div class=\\""invulvakje inv_loc\\""><i>location</i></div>\\n            </div><div class=\\""item object_cp\\"" clonable=\\""false\\"" style=\\""\\"">\\n              <p>Large rock</p>\\n            </div><div class=\\""item location\\"" clonable=\\""false\\"" style=\\""\\"">\\n              <button class=\\""leftrightbutton\\"" id=\\""leftrightbutton2\\""><i>Right</i></button><p> side of field</p>\\n            </div></div>\\n                    <div class=\\""box_cp box_action\\"" id=\\""patternbox2_3\\""></div>\\n                "",""postsitu"":""\\n                <div class=\\""box_cp box_situ\\"" id=\\""postsitubox_1\\""></div>\\n                <div class=\\""box_cp box_situ\\"" id=\\""postsitubox_2\\""></div>\\n            ""}'}";;1;101
101;;;;;;;;;;;;;;;;;;;;;;;;;1;102
102;;;;;;;;;;;;;;;;;;;;;;;;;1;103
103;;;;;;;;;;;;;;;;;;;;;;;;;1;104
104;;;;;;;;;;;;;;;;;;;;;;;;;1;105
105;;;;;;;;;;;;;;;;;;;;;;;;;1;106
106;;;;;;;;;;;;;;;;;;;;;;;;;1;107
107;;;;;;;;;;;;;;;;;;;;;;;;;1;108
108;;;;;;;;;;;;;;;;;;;;;;;;;1;109
109;;;;;;;;;;;;;;;;;;;;;;;;;1;110
110;;;;;;;;;;;;;;;;;;;;;;;;;1;111
111;;;;;;;;;;;;;;;;;;;;;;;;;1;112
112;;;;;;;;;;;;;;;;;;;;;;;;;1;113
113;;;;;;;;;;;;;;;;;;;;;;;;;1;114
114;;;;;;;;;;;;;;;;;;;;;;;;;1;115
115;;;;;;;;;;;;;;;;;;;;;;;;;1;116
116;;;;;;;;;;;;;;;;;;;;;;;;;1;117
117;;;;;;;;;;;;;;;;;;;;;;;;;1;118
118;;;;;;;;;;;;;;;;;;;;;;;;;1;119
119;{'past_action': ['Stand still', ['Left side of field']]};;"{""content"": {""past_action"": [""Stand still"", [""Left side of field""]]}, ""from_id"": ""human_selector"", ""to_id"": ""robot"", ""message_id"": ""27f614c59af09d562c3ae5dd27f624e9""}";;{'past_action': ['Stand still', ['Left side of field']]};;;{'past_action': ['Stand still', ['Left side of field']]};;;{'past_action': ['Stand still', ['Left side of field']]};;;{'past_action': ['Stand still', ['Left side of field']]};;;{'past_action': ['Stand still', ['Left side of field']]};;;{'past_action': ['Stand still', ['Left side of field']]};;;{'past_action': ['Stand still', ['Left side of field']]};;1;120
120;;;;;;;;;;;;;;;;;;;;;;;;;1;121
121;;;;;;;;;;;;;;;;;;;;;;;;;1;122
122;;;;;;;;;;;;;;;;;;;;;;;;;1;123
123;;;;;;;;;;;;;;;;;;;;;;;;;1;124
124;;;;;;;;;;;;;;;;;;;;;;;;;1;125
125;;;;;;;;;;;;;;;;;;;;;;;;;1;126
126;;;;;;;;;;;;;;;;;;;;;;;;;1;127
127;;I will now follow the Collaboration Pattern CP_known.;;;I will now follow the Collaboration Pattern CP_known.;;;I will now follow the Collaboration Pattern CP_known.;;;I will now follow the Collaboration Pattern CP_known.;;;I will now follow the Collaboration Pattern CP_known.;;;I will now follow the Collaboration Pattern CP_known.;;;I will now follow the Collaboration Pattern CP_known.;;I will now follow the Collaboration Pattern CP_known.;;"{""content"": ""I will now follow the Collaboration Pattern CP_known."", ""from_id"": ""robot"", ""to_id"": ""ontologygod"", ""message_id"": ""134fdc49cfdfd3c516069acd422c8262""}";1;128
128;;;;;;;;;;;;;;;;;;;;;;;;;1;129
129;;;;;;;;;;;;;;;;;;;;;;;;;1;130
130;;;;;;;;;;;;;;;;;;;;;;;;;1;131
131;;;;;;;;;;;;;;;;;;;;;;;;;1;132
132;;;;;;;;;;;;;;;;;;;;;;;;;1;133
133;;;;;;;;;;;;;;;;;;;;;;;;;1;134
134;;;;;;;;;;;;;;;;;;;;;;;;;1;135
135;;;;;;;;;;;;;;;;;;;;;;;;;1;136
136;;;;;;;;;;;;;;;;;;;;;;;;;1;137
137;;;;;;;;;;;;;;;;;;;;;;;;;1;138
138;;;;;;;;;;;;;;;;;;;;;;;;;1;139
139;{'past_action': ['Stand still', ['Left side of field']]};;"{""content"": {""past_action"": [""Stand still"", [""Left side of field""]]}, ""from_id"": ""human_selector"", ""to_id"": ""robot"", ""message_id"": ""dbd14cb48260b152d810a442a9f8e369""}";;{'past_action': ['Stand still', ['Left side of field']]};;;{'past_action': ['Stand still', ['Left side of field']]};;;{'past_action': ['Stand still', ['Left side of field']]};;;{'past_action': ['Stand still', ['Left side of field']]};;;{'past_action': ['Stand still', ['Left side of field']]};;;{'past_action': ['Stand still', ['Left side of field']]};;;{'past_action': ['Stand still', ['Left side of field']]};;1;140
140;;;;;;;;;;;;;;;;;;;;;;;;;1;141
141;;;;;;;;;;;;;;;;;;;;;;;;;1;142
142;;;;;;;;;;;;;;;;;;;;;;;;;1;143
143;;;;;;;;;;;;;;;;;;;;;;;;;1;144
144;;;;;;;;;;;;;;;;;;;;;;;;;1;145
145;;;;;;;;;;;;;;;;;;;;;;;;;1;146
146;;;;;;;;;;;;;;;;;;;;;;;;;1;147
147;;;;;;;;;;;;;;;;;;;;;;;;;1;148
148;;;;;;;;;;;;;;;;;;;;;;;;;1;149
149;;;;;;;;;;;;;;;;;;;;;;;;;1;150
150;;;;;;;;;;;;;;;;;;;;;;;;;1;151
151;;;;;;;;;;;;;;;;;;;;;;;;;1;152
152;;;;;;;;;;;;;;;;;;;;;;;;;1;153
153;;;;;;;;;;;;;;;;;;;;;;;;;1;154
154;;;;;;;;;;;;;;;;;;;;;;;;;1;155
155;;;;;;;;;;;;;;;;;;;;;;;;;1;156
156;;;;;;;;;;;;;;;;;;;;;;;;;1;157
157;;;;;;;;;;;;;;;;;;;;;;;;;1;158
158;;;;;;;;;;;;;;;;;;;;;;;;;1;159
159;{'past_action': ['Stand still', ['Left side of field']]};;"{""content"": {""past_action"": [""Stand still"", [""Left side of field""]]}, ""from_id"": ""human_selector"", ""to_id"": ""robot"", ""message_id"": ""68d6aa92da2c561c718a62245a4bb6cd""}";;{'past_action': ['Stand still', ['Left side of field']]};;;{'past_action': ['Stand still', ['Left side of field']]};;;{'past_action': ['Stand still', ['Left side of field']]};;;{'past_action': ['Stand still', ['Left side of field']]};;;{'past_action': ['Stand still', ['Left side of field']]};;;{'past_action': ['Stand still', ['Left side of field']]};;;{'past_action': ['Stand still', ['Left side of field']]};;1;160
160;;;;;;;;;;;;;;;;;;;;;;;;;1;161
161;;;;;;;;;;;;;;;;;;;;;;;;;1;162
162;;;;;;;;;;;;;;;;;;;;;;;;;1;163
163;;;;;;;;;;;;;;;;;;;;;;;;;1;164
164;;;;;;;;;;;;;;;;;;;;;;;;;1;165
165;;;;;;;;;;;;;;;;;;;;;;;;;1;166
166;;;;;;;;;;;;;;;;;;;;;;;;;1;167
167;;;;;;;;;;;;;;;;;;;;;;;;;1;168
168;;;;;;;;;;;;;;;;;;;;;;;;;1;169
169;;;;;;;;;;;;;;;;;;;;;;;;;1;170
170;;;;;;;;;;;;;;;;;;;;;;;;;1;171
171;;;;;;;;;;;;;;;;;;;;;;;;;1;172
172;;;;;;;;;;;;;;;;;;;;;;;;;1;173
173;;;;;;;;;;;;;;;;;;;;;;;;;1;174
174;;;;;;;;;;;;;;;;;;;;;;;;;1;175
175;;;;;;;;;;;;;;;;;;;;;;;;;1;176
176;;;;;;;;;;;;;;;;;;;;;;;;;1;177
177;;;;;;;;;;;;;;;;;;;;;;;;;1;178
178;;;;;;;;;;;;;;;;;;;;;;;;;1;179
179;{'past_action': ['Stand still', ['Left side of field']]};;"{""content"": {""past_action"": [""Stand still"", [""Left side of field""]]}, ""from_id"": ""human_selector"", ""to_id"": ""robot"", ""message_id"": ""b03cd58929f9e619cf9b2ceeb34bde9f""}";;{'past_action': ['Stand still', ['Left side of field']]};;;{'past_action': ['Stand still', ['Left side of field']]};;;{'past_action': ['Stand still', ['Left side of field']]};;;{'past_action': ['Stand still', ['Left side of field']]};;;{'past_action': ['Stand still', ['Left side of field']]};;;{'past_action': ['Stand still', ['Left side of field']]};;;{'past_action': ['Stand still', ['Left side of field']]};;1;180
180;;;;;;;;;;;;;;;;;;;;;;;;;1;181
181;;;;;;;;;;;;;;;;;;;;;;;;;1;182
182;;;;;;;;;;;;;;;;;;;;;;;;;1;183
183;;;;;;;;;;;;;;;;;;;;;;;;;1;184
184;;;;;;;;;;;;;;;;;;;;;;;;;1;185
185;;;;;;;;;;;;;;;;;;;;;;;;;1;186
186;;;;;;;;;;;;;;;;;;;;;;;;;1;187
187;;;;;;;;;;;;;;;;;;;;;;;;;1;188
188;;;;;;;;;;;;;;;;;;;;;;;;;1;189
189;;;;;;;;;;;;;;;;;;;;;;;;;1;190
190;;;;;;;;;;;;;;;;;;;;;;;;;1;191
191;;;;;;;;;;;;;;;;;;;;;;;;;1;192
192;;;;;;;;;;;;;;;;;;;;;;;;;1;193
193;;;;;;;;;;;;;;;;;;;;;;;;;1;194
194;;;;;;;;;;;;;;;;;;;;;;;;;1;195
195;;;;;;;;;;;;;;;;;;;;;;;;;1;196
196;;;;;;;;;;;;;;;;;;;;;;;;;1;197
197;;;;;;;;;;;;;;;;;;;;;;;;;1;198
198;;;;;;;;;;;;;;;;;;;;;;;;;1;199
199;{'past_action': ['Stand still', ['Left side of field']]};;"{""content"": {""past_action"": [""Stand still"", [""Left side of field""]]}, ""from_id"": ""human_selector"", ""to_id"": ""robot"", ""message_id"": ""2e63286c4950893dd7c86c90d993c0f9""}";;{'past_action': ['Stand still', ['Left side of field']]};;;{'past_action': ['Stand still', ['Left side of field']]};;;{'past_action': ['Stand still', ['Left side of field']]};;;{'past_action': ['Stand still', ['Left side of field']]};;;{'past_action': ['Stand still', ['Left side of field']]};;;{'past_action': ['Stand still', ['Left side of field']]};;;{'past_action': ['Stand still', ['Left side of field']]};;1;200
200;;;;;;;;;;;;;;;;;;;;;;;;;1;201
201;;;;;;;;;;;;;;;;;;;;;;;;;1;202
202;;;;;;;;;;;;;;;;;;;;;;;;;1;203
203;;;;;;;;;;;;;;;;;;;;;;;;;1;204
204;;;;;;;;;;;;;;;;;;;;;;;;;1;205
205;;;;;;;;;;;;;;;;;;;;;;;;;1;206
206;;;;;;;;;;;;;;;;;;;;;;;;;1;207
207;;;;;;;;;;;;;;;;;;;;;;;;;1;208
208;;;;;;;;;;;;;;;;;;;;;;;;;1;209
209;;;;;;;;;;;;;;;;;;;;;;;;;1;210
210;;;;;;;;;;;;;;;;;;;;;;;;;1;211
211;;;;;;;;;;;;;;;;;;;;;;;;;1;212
212;;;;;;;;;;;;;;;;;;;;;;;;;1;213
213;;;;;;;;;;;;;;;;;;;;;;;;;1;214
214;;;;;;;;;;;;;;;;;;;;;;;;;1;215
215;;;;;;;;;;;;;;;;;;;;;;;;;1;216
216;;;;;;;;;;;;;;;;;;;;;;;;;1;217
217;;;;;;;;;;;;;;;;;;;;;;;;"{""content"": null, ""from_id"": ""robot"", ""to_id"": ""ontologygod"", ""message_id"": ""b47494dbdcf1d8abcc85f55910dfba42""}";1;218
218;;;;;;;;;;;;;;;;;;;;;;;;;1;219
219;{'past_action': ['Stand still', ['Left side of field']]};;"{""content"": {""past_action"": [""Stand still"", [""Left side of field""]]}, ""from_id"": ""human_selector"", ""to_id"": ""robot"", ""message_id"": ""d4666e796d57b834f5952f9cd7fb0fc5""}";;{'past_action': ['Stand still', ['Left side of field']]};;;{'past_action': ['Stand still', ['Left side of field']]};;;{'past_action': ['Stand still', ['Left side of field']]};;;{'past_action': ['Stand still', ['Left side of field']]};;;{'past_action': ['Stand still', ['Left side of field']]};;;{'past_action': ['Stand still', ['Left side of field']]};;;{'past_action': ['Stand still', ['Left side of field']]};;1;220
220;;;;;;;;;;;;;;;;;;;;;;;;;1;221
221;;;;;;;;;;;;;;;;;;;;;;;;;1;222
222;;;;;;;;;;;;;;;;;;;;;;;;;1;223
223;;;;;;;;;;;;;;;;;;;;;;;;;1;224
224;;;;;;;;;;;;;;;;;;;;;;;;;1;225
225;;;;;;;;;;;;;;;;;;;;;;;;;1;226
226;;;;;;;;;;;;;;;;;;;;;;;;;1;227
227;;;;;;;;;;;;;;;;;;;;;;;;;1;228
228;;;;;;;;;;;;;;;;;;;;;;;;;1;229
229;;;;;;;;;;;;;;;;;;;;;;;;;1;230
230;;;;;;;;;;;;;;;;;;;;;;;;;1;231
231;;;;;;;;;;;;;;;;;;;;;;;;;1;232
232;;;;;;;;;;;;;;;;;;;;;;;;;1;233
233;;;;;;;;;;;;;;;;;;;;;;;;;1;234
234;;;;;;;;;;;;;;;;;;;;;;;;;1;235
235;;;;;;;;;;;;;;;;;;;;;;;;;1;236
236;;;;;;;;;;;;;;;;;;;;;;;;;1;237
237;;;;;;;;;;;;;;;;;;;;;;;;;1;238
238;;;;;;;;;;;;;;;;;;;;;;;;;1;239
239;{'past_action': ['Stand still', ['Left side of field']]};;"{""content"": {""past_action"": [""Stand still"", [""Left side of field""]]}, ""from_id"": ""human_selector"", ""to_id"": ""robot"", ""message_id"": ""3149992e5b0b187fb7ebafc3112d4a01""}";;{'past_action': ['Stand still', ['Left side of field']]};;;{'past_action': ['Stand still', ['Left side of field']]};;;{'past_action': ['Stand still', ['Left side of field']]};;;{'past_action': ['Stand still', ['Left side of field']]};;;{'past_action': ['Stand still', ['Left side of field']]};;;{'past_action': ['Stand still', ['Left side of field']]};;;{'past_action': ['Stand still', ['Left side of field']]};;1;240
240;;;;;;;;;;;;;;;;;;;;;;;;;1;241
241;;;;;;;;;;;;;;;;;;;;;;;;;1;242
242;;;;;;;;;;;;;;;;;;;;;;;;;1;243
243;;;;;;;;;;;;;;;;;;;;;;;;;1;244
244;;;;;;;;;;;;;;;;;;;;;;;;;1;245
245;;;;;;;;;;;;;;;;;;;;;;;;;1;246
246;;;;;;;;;;;;;;;;;;;;;;;;;1;247
247;;;;;;;;;;;;;;;;;;;;;;;;;1;248
248;;;;;;;;;;;;;;;;;;;;;;;;;1;249
249;;;;;;;;;;;;;;;;;;;;;;;;;1;250
250;;;;;;;;;;;;;;;;;;;;;;;;;1;251
251;;;;;;;;;;;;;;;;;;;;;;;;;1;252
252;;;;;;;;;;;;;;;;;;;;;;;;;1;253
253;;;;;;;;;;;;;;;;;;;;;;;;;1;254
254;;;;;;;;;;;;;;;;;;;;;;;;;1;255
255;;;;;;;;;;;;;;;;;;;;;;;;;1;256
256;;;;;;;;;;;;;;;;;;;;;;;;;1;257
257;;;;;;;;;;;;;;;;;;;;;;;;;1;258
258;;;;;;;;;;;;;;;;;;;;;;;;;1;259
259;{'past_action': ['Stand still', ['Left side of field']]};;"{""content"": {""past_action"": [""Stand still"", [""Left side of field""]]}, ""from_id"": ""human_selector"", ""to_id"": ""robot"", ""message_id"": ""4ab20cdd555f40dcd0290ed58482aff0""}";;{'past_action': ['Stand still', ['Left side of field']]};;;{'past_action': ['Stand still', ['Left side of field']]};;;{'past_action': ['Stand still', ['Left side of field']]};;;{'past_action': ['Stand still', ['Left side of field']]};;;{'past_action': ['Stand still', ['Left side of field']]};;;{'past_action': ['Stand still', ['Left side of field']]};;;{'past_action': ['Stand still', ['Left side of field']]};;1;260
260;;;;;;;;;;;;;;;;;;;;;;;;;1;261
261;;;;;;;;;;;;;;;;;;;;;;;;;1;262
262;;;;;;;;;;;;;;;;;;;;;;;;;1;263
263;;;;;;;;;;;;;;;;;;;;;;;;;1;264
264;;;;;;;;;;;;;;;;;;;;;;;;;1;265
265;;;;;;;;;;;;;;;;;;;;;;;;;1;266
266;;;;;;;;;;;;;;;;;;;;;;;;;1;267
267;;;;;;;;;;;;;;;;;;;;;;;;;1;268
268;;;;;;;;;;;;;;;;;;;;;;;;;1;269
269;;;;;;;;;;;;;;;;;;;;;;;;;1;270
270;;;;;;;;;;;;;;;;;;;;;;;;;1;271
271;;;;;;;;;;;;;;;;;;;;;;;;;1;272
272;;;;;;;;;;;;;;;;;;;;;;;;;1;273
273;;;;;;;;;;;;;;;;;;;;;;;;;1;274
274;;;;;;;;;;;;;;;;;;;;;;;;;1;275
275;;;;;;;;;;;;;;;;;;;;;;;;;1;276
276;;;;;;;;;;;;;;;;;;;;;;;;;1;277
277;;;;;;;;;;;;;;;;;;;;;;;;;1;278
278;;;;;;;;;;;;;;;;;;;;;;;;;1;279
279;{'past_action': ['Stand still', ['Left side of field']]};;"{""content"": {""past_action"": [""Stand still"", [""Left side of field""]]}, ""from_id"": ""human_selector"", ""to_id"": ""robot"", ""message_id"": ""e129d204d8a837e169c5df94c958c254""}";;{'past_action': ['Stand still', ['Left side of field']]};;;{'past_action': ['Stand still', ['Left side of field']]};;;{'past_action': ['Stand still', ['Left side of field']]};;;{'past_action': ['Stand still', ['Left side of field']]};;;{'past_action': ['Stand still', ['Left side of field']]};;;{'past_action': ['Stand still', ['Left side of field']]};;;{'past_action': ['Stand still', ['Left side of field']]};;1;280
280;;;;;;;;;;;;;;;;;;;;;;;;;1;281
281;;;;;;;;;;;;;;;;;;;;;;;;;1;282
282;;;;;;;;;;;;;;;;;;;;;;;;;1;283
283;;;;;;;;;;;;;;;;;;;;;;;;;1;284
284;;;;;;;;;;;;;;;;;;;;;;;;;1;285
285;;;;;;;;;;;;;;;;;;;;;;;;;1;286
286;;;;;;;;;;;;;;;;;;;;;;;;;1;287
287;;;;;;;;;;;;;;;;;;;;;;;;;1;288
288;;;;;;;;;;;;;;;;;;;;;;;;;1;289
289;;;;;;;;;;;;;;;;;;;;;;;;;1;290
290;;;;;;;;;;;;;;;;;;;;;;;;;1;291
291;;;;;;;;;;;;;;;;;;;;;;;;;1;292
292;;;;;;;;;;;;;;;;;;;;;;;;;1;293
293;;;;;;;;;;;;;;;;;;;;;;;;;1;294
294;;;;;;;;;;;;;;;;;;;;;;;;;1;295
295;;;;;;;;;;;;;;;;;;;;;;;;;1;296
296;;;;;;;;;;;;;;;;;;;;;;;;;1;297
297;;;;;;;;;;;;;;;;;;;;;;;;;1;298
298;;;;;;;;;;;;;;;;;;;;;;;;;1;299
299;{'past_action': ['Stand still', ['Left side of field']]};;"{""content"": {""past_action"": [""Stand still"", [""Left side of field""]]}, ""from_id"": ""human_selector"", ""to_id"": ""robot"", ""message_id"": ""56c2509e3668356bb05e4e76d8367341""}";;{'past_action': ['Stand still', ['Left side of field']]};;;{'past_action': ['Stand still', ['Left side of field']]};;;{'past_action': ['Stand still', ['Left side of field']]};;;{'past_action': ['Stand still', ['Left side of field']]};;;{'past_action': ['Stand still', ['Left side of field']]};;;{'past_action': ['Stand still', ['Left side of field']]};;;{'past_action': ['Stand still', ['Left side of field']]};;1;300
300;;;;;;;;;;;;;;;;;;;;;;;;;1;301
301;;;;;;;;;;;;;;;;;;;;;;;;;1;302
302;;;;;;;;;;;;;;;;;;;;;;;;;1;303
303;;;;;;;;;;;;;;;;;;;;;;;;;1;304
304;;;;;;;;;;;;;;;;;;;;;;;;;1;305
305;;;;;;;;;;;;;;;;;;;;;;;;;1;306
306;;;;;;;;;;;;;;;;;;;;;;;;;1;307
307;;Now executing Pick up a large rock at Top of rock pile;;;Now executing Pick up a large rock at Top of rock pile;;;Now executing Pick up a large rock at Top of rock pile;;;Now executing Pick up a large rock at Top of rock pile;;;Now executing Pick up a large rock at Top of rock pile;;;Now executing Pick up a large rock at Top of rock pile;;;Now executing Pick up a large rock at Top of rock pile;;Now executing Pick up a large rock at Top of rock pile;;"{""content"": ""Now executing Pick up a large rock at Top of rock pile"", ""from_id"": ""robot"", ""to_id"": ""ontologygod"", ""message_id"": ""cb9131f3711e68f29243936795995b4a""}";1;308
308;;;;;;;;;;;;;;;;;;;;;;;;;1;309
309;;;;;;;;;;;;;;;;;;;;;;;;;1;310
310;;;;;;;;;;;;;;;;;;;;;;;;;1;311
311;;;;;;;;;;;;;;;;;;;;;;;;;1;312
312;;;;;;;;;;;;;;;;;;;;;;;;;1;313
313;;;;;;;;;;;;;;;;;;;;;;;;;1;314
314;;;;;;;;;;;;;;;;;;;;;;;;;1;315
315;;;;;;;;;;;;;;;;;;;;;;;;;1;316
316;;;;;;;;;;;;;;;;;;;;;;;;;1;317
317;;;;;;;;;;;;;;;;;;;;;;;;;1;318
318;;;;;;;;;;;;;;;;;;;;;;;;;1;319
319;{'past_action': ['Stand still', ['Left side of field']]};;"{""content"": {""past_action"": [""Stand still"", [""Left side of field""]]}, ""from_id"": ""human_selector"", ""to_id"": ""robot"", ""message_id"": ""ae3e0ae4a73e3ec5fb8b1ddb40769753""}";;{'past_action': ['Stand still', ['Left side of field']]};;;{'past_action': ['Stand still', ['Left side of field']]};;;{'past_action': ['Stand still', ['Left side of field']]};;;{'past_action': ['Stand still', ['Left side of field']]};;;{'past_action': ['Stand still', ['Left side of field']]};;;{'past_action': ['Stand still', ['Left side of field']]};;;{'past_action': ['Stand still', ['Left side of field']]};;1;320
320;;;;;;;;;;;;;;;;;;;;;;;;;1;321
321;;;;;;;;;;;;;;;;;;;;;;;;;1;322
322;;;;;;;;;;;;;;;;;;;;;;;;;1;323
323;;;;;;;;;;;;;;;;;;;;;;;;;1;324
324;;;;;;;;;;;;;;;;;;;;;;;;;1;325
325;;;;;;;;;;;;;;;;;;;;;;;;;1;326
326;;;;;;;;;;;;;;;;;;;;;;;;;1;327
327;;;;;;;;;;;;;;;;;;;;;;;;;1;328
328;;;;;;;;;;;;;;;;;;;;;;;;;1;329
329;;;;;;;;;;;;;;;;;;;;;;;;;1;330
330;;;;;;;;;;;;;;;;;;;;;;;;;1;331
331;;;;;;;;;;;;;;;;;;;;;;;;;1;332
332;;;;;;;;;;;;;;;;;;;;;;;;;1;333
333;;;;;;;;;;;;;;;;;;;;;;;;;1;334
334;;;;;;;;;;;;;;;;;;;;;;;;;1;335
335;;;;;;;;;;;;;;;;;;;;;;;;;1;336
336;;;;;;;;;;;;;;;;;;;;;;;;;1;337
337;;;;;;;;;;;;;;;;;;;;;;;;;1;338
338;;;;;;;;;;;;;;;;;;;;;;;;;1;339
339;{'past_action': ['Stand still', ['Left side of field']]};;"{""content"": {""past_action"": [""Stand still"", [""Left side of field""]]}, ""from_id"": ""human_selector"", ""to_id"": ""robot"", ""message_id"": ""eed1b25e33bd54af82c5748d7e3402a4""}";;{'past_action': ['Stand still', ['Left side of field']]};;;{'past_action': ['Stand still', ['Left side of field']]};;;{'past_action': ['Stand still', ['Left side of field']]};;;{'past_action': ['Stand still', ['Left side of field']]};;;{'past_action': ['Stand still', ['Left side of field']]};;;{'past_action': ['Stand still', ['Left side of field']]};;;{'past_action': ['Stand still', ['Left side of field']]};;1;340
340;;;;;;;;;;;;;;;;;;;;;;;;;1;341
341;;;;;;;;;;;;;;;;;;;;;;;;;1;342
342;;;;;;;;;;;;;;;;;;;;;;;;;1;343
343;;;;;;;;;;;;;;;;;;;;;;;;;1;344
344;;;;;;;;;;;;;;;;;;;;;;;;;1;345
345;;;;;;;;;;;;;;;;;;;;;;;;;1;346
346;;;;;;;;;;;;;;;;;;;;;;;;;1;347
347;;;;;;;;;;;;;;;;;;;;;;;;;1;348
348;;;;;;;;;;;;;;;;;;;;;;;;;1;349
349;;;;;;;;;;;;;;;;;;;;;;;;;1;350
350;;;;;;;;;;;;;;;;;;;;;;;;;1;351
351;;;;;;;;;;;;;;;;;;;;;;;;;1;352
352;;;;;;;;;;;;;;;;;;;;;;;;;1;353
353;;;;;;;;;;;;;;;;;;;;;;;;;1;354
354;;;;;;;;;;;;;;;;;;;;;;;;;1;355
355;;;;;;;;;;;;;;;;;;;;;;;;;1;356
356;;;;;;;;;;;;;;;;;;;;;;;;;1;357
357;;;;;;;;;;;;;;;;;;;;;;;;;1;358
358;;;;;;;;;;;;;;;;;;;;;;;;;1;359
359;{'past_action': ['Stand still', ['Left side of field']]};;"{""content"": {""past_action"": [""Stand still"", [""Left side of field""]]}, ""from_id"": ""human_selector"", ""to_id"": ""robot"", ""message_id"": ""e93d350bcc0ca28a0a440703a9995ac5""}";;{'past_action': ['Stand still', ['Left side of field']]};;;{'past_action': ['Stand still', ['Left side of field']]};;;{'past_action': ['Stand still', ['Left side of field']]};;;{'past_action': ['Stand still', ['Left side of field']]};;;{'past_action': ['Stand still', ['Left side of field']]};;;{'past_action': ['Stand still', ['Left side of field']]};;;{'past_action': ['Stand still', ['Left side of field']]};;1;360
360;;;;;;;;;;;;;;;;;;;;;;;;;1;361
361;;;;;;;;;;;;;;;;;;;;;;;;;1;362
362;;;;;;;;;;;;;;;;;;;;;;;;;1;363
363;;;;;;;;;;;;;;;;;;;;;;;;;1;364
364;;;;;;;;;;;;;;;;;;;;;;;;;1;365
365;;;;;;;;;;;;;;;;;;;;;;;;;1;366
366;;;;;;;;;;;;;;;;;;;;;;;;;1;367
367;;;;;;;;;;;;;;;;;;;;;;;;;1;368
368;;;;;;;;;;;;;;;;;;;;;;;;;1;369
