human_selector_action;human_selector_location;robot_action;robot_location;robot_executing_cp;world_nr;tick_nr
;(3, 4);;(4, 4);False;1;0
;(3, 4);;(4, 4);False;1;1
;(3, 4);MoveEast;(4, 4);False;1;2
;(3, 4);MoveEast;(4, 4);False;1;3
;(3, 4);MoveEast;(4, 4);False;1;4
;(3, 4);MoveEast;(4, 4);False;1;5
;(3, 4);MoveEast;(4, 4);False;1;6
;(3, 4);MoveEast;(4, 4);False;1;7
;(3, 4);MoveEast;(4, 4);False;1;8
;(3, 4);MoveEast;(4, 4);False;1;9
;(3, 4);MoveEast;(4, 4);False;1;10
;(3, 4);MoveEast;(4, 4);False;1;11
;(3, 4);MoveEast;(5, 4);False;1;12
;(3, 4);MoveEast;(5, 4);False;1;13
;(3, 4);MoveEast;(5, 4);False;1;14
;(3, 4);MoveEast;(5, 4);False;1;15
;(3, 4);MoveEast;(5, 4);False;1;16
;(3, 4);MoveEast;(5, 4);False;1;17
;(3, 4);MoveEast;(5, 4);False;1;18
;(3, 4);MoveEast;(5, 4);False;1;19
;(3, 4);MoveEast;(5, 4);False;1;20
;(3, 4);MoveEast;(5, 4);False;1;21
;(3, 4);MoveEast;(5, 4);False;1;22
;(3, 4);MoveEast;(6, 4);False;1;23
;(3, 4);MoveNorthEast;(6, 4);False;1;24
;(3, 4);MoveNorthEast;(6, 4);False;1;25
;(3, 4);MoveNorthEast;(6, 4);False;1;26
;(3, 4);MoveNorthEast;(6, 4);False;1;27
;(3, 4);MoveNorthEast;(6, 4);False;1;28
;(3, 4);MoveNorthEast;(6, 4);False;1;29
;(3, 4);MoveNorthEast;(6, 4);False;1;30
;(3, 4);MoveNorthEast;(6, 4);False;1;31
;(3, 4);MoveNorthEast;(6, 4);False;1;32
;(3, 4);MoveNorthEast;(6, 4);False;1;33
;(3, 4);MoveNorthEast;(7, 3);False;1;34
;(3, 4);MoveEast;(7, 3);False;1;35
;(3, 4);MoveEast;(7, 3);False;1;36
;(3, 4);MoveEast;(7, 3);False;1;37
;(3, 4);MoveEast;(7, 3);False;1;38
;(3, 4);MoveEast;(7, 3);False;1;39
;(3, 4);MoveEast;(7, 3);False;1;40
;(3, 4);MoveEast;(7, 3);False;1;41
;(3, 4);MoveEast;(7, 3);False;1;42
;(3, 4);MoveEast;(7, 3);False;1;43
;(3, 4);MoveEast;(7, 3);False;1;44
;(3, 4);MoveEast;(8, 3);False;1;45
;(3, 4);GrabObject;(8, 3);False;1;46
;(3, 4);GrabObject;(8, 3);False;1;47
;(3, 4);GrabObject;(8, 3);False;1;48
;(3, 4);GrabObject;(8, 3);False;1;49
;(3, 4);GrabObject;(8, 3);False;1;50
;(3, 4);GrabObject;(8, 3);False;1;51
;(3, 4);GrabObject;(8, 3);False;1;52
;(3, 4);GrabObject;(8, 3);False;1;53
;(3, 4);GrabObject;(8, 3);False;1;54
;(3, 4);GrabObject;(8, 3);False;1;55
;(3, 4);GrabObject;(8, 3);False;1;56
;(3, 4);;(8, 3);False;1;57
;(3, 4);MoveEast;(8, 3);False;1;58
;(3, 4);MoveEast;(8, 3);False;1;59
;(3, 4);MoveEast;(8, 3);False;1;60
;(3, 4);MoveEast;(8, 3);False;1;61
;(3, 4);MoveEast;(8, 3);False;1;62
;(3, 4);MoveEast;(8, 3);False;1;63
;(3, 4);MoveEast;(8, 3);False;1;64
;(3, 4);MoveEast;(8, 3);False;1;65
;(3, 4);MoveEast;(8, 3);False;1;66
;(3, 4);MoveEast;(8, 3);False;1;67
;(3, 4);MoveEast;(9, 3);False;1;68
;(3, 4);GrabObject;(9, 3);False;1;69
;(3, 4);GrabObject;(9, 3);False;1;70
;(3, 4);GrabObject;(9, 3);False;1;71
;(3, 4);GrabObject;(9, 3);False;1;72
;(3, 4);GrabObject;(9, 3);False;1;73
;(3, 4);GrabObject;(9, 3);False;1;74
;(3, 4);GrabObject;(9, 3);False;1;75
;(3, 4);GrabObject;(9, 3);False;1;76
;(3, 4);GrabObject;(9, 3);False;1;77
;(3, 4);GrabObject;(9, 3);False;1;78
;(3, 4);GrabObject;(9, 3);False;1;79
;(3, 4);;(9, 3);False;1;80
;(3, 4);;(9, 3);CP_known;1;81
;(3, 4);;(9, 3);CP_known;1;82
;(3, 4);MoveWest;(9, 3);CP_known;1;83
;(3, 4);MoveWest;(9, 3);CP_known;1;84
;(3, 4);MoveWest;(9, 3);CP_known;1;85
;(3, 4);MoveWest;(9, 3);CP_known;1;86
;(3, 4);MoveWest;(9, 3);CP_known;1;87
;(3, 4);MoveWest;(9, 3);CP_known;1;88
;(3, 4);MoveWest;(9, 3);CP_known;1;89
;(3, 4);MoveWest;(9, 3);CP_known;1;90
;(3, 4);MoveWest;(9, 3);CP_known;1;91
;(3, 4);MoveWest;(9, 3);CP_known;1;92
;(3, 4);MoveWest;(8, 3);CP_known;1;93
;(3, 4);MoveWest;(8, 3);CP_known;1;94
;(3, 4);MoveWest;(8, 3);CP_known;1;95
;(3, 4);MoveWest;(8, 3);CP_known;1;96
;(3, 4);MoveWest;(8, 3);CP_known;1;97
;(3, 4);MoveWest;(8, 3);CP_known;1;98
;(3, 4);MoveWest;(8, 3);CP_known;1;99
;(3, 4);MoveWest;(8, 3);CP_known;1;100
;(3, 4);MoveWest;(8, 3);CP_known;1;101
;(3, 4);MoveWest;(8, 3);CP_known;1;102
;(3, 4);MoveWest;(8, 3);CP_known;1;103
;(3, 4);MoveWest;(7, 3);CP_known;1;104
;(3, 4);MoveWest;(7, 3);CP_known;1;105
;(3, 4);MoveWest;(7, 3);CP_known;1;106
;(3, 4);MoveWest;(7, 3);CP_known;1;107
MoveEast;(4, 4);MoveWest;(7, 3);CP_known;1;108
;(4, 4);MoveWest;(7, 3);CP_known;1;109
;(4, 4);MoveWest;(7, 3);CP_known;1;110
;(4, 4);MoveWest;(7, 3);CP_known;1;111
;(4, 4);MoveWest;(7, 3);CP_known;1;112
;(4, 4);MoveWest;(7, 3);CP_known;1;113
;(4, 4);MoveWest;(7, 3);CP_known;1;114
;(4, 4);MoveWest;(6, 3);CP_known;1;115
;(4, 4);MoveWest;(6, 3);CP_known;1;116
;(4, 4);MoveWest;(6, 3);CP_known;1;117
;(4, 4);MoveWest;(6, 3);CP_known;1;118
;(4, 4);MoveWest;(6, 3);CP_known;1;119
;(4, 4);MoveWest;(6, 3);CP_known;1;120
;(4, 4);MoveWest;(6, 3);CP_known;1;121
;(4, 4);MoveWest;(6, 3);CP_known;1;122
;(4, 4);MoveWest;(6, 3);CP_known;1;123
;(4, 4);MoveWest;(6, 3);CP_known;1;124
;(4, 4);MoveWest;(6, 3);CP_known;1;125
;(4, 4);MoveWest;(5, 3);CP_known;1;126
;(4, 4);MoveWest;(5, 3);CP_known;1;127
;(4, 4);MoveWest;(5, 3);CP_known;1;128
;(4, 4);MoveWest;(5, 3);CP_known;1;129
;(4, 4);MoveWest;(5, 3);CP_known;1;130
;(4, 4);MoveWest;(5, 3);CP_known;1;131
;(4, 4);MoveWest;(5, 3);CP_known;1;132
MoveEast;(5, 4);MoveWest;(5, 3);CP_known;1;133
;(5, 4);MoveWest;(5, 3);CP_known;1;134
;(5, 4);MoveWest;(5, 3);CP_known;1;135
;(5, 4);MoveWest;(5, 3);CP_known;1;136
;(5, 4);MoveWest;(4, 3);CP_known;1;137
;(5, 4);MoveNorthWest;(4, 3);CP_known;1;138
;(5, 4);MoveNorthWest;(4, 3);CP_known;1;139
;(5, 4);MoveNorthWest;(4, 3);CP_known;1;140
;(5, 4);MoveNorthWest;(4, 3);CP_known;1;141
;(5, 4);MoveNorthWest;(4, 3);CP_known;1;142
;(5, 4);MoveNorthWest;(4, 3);CP_known;1;143
;(5, 4);MoveNorthWest;(4, 3);CP_known;1;144
;(5, 4);MoveNorthWest;(4, 3);CP_known;1;145
;(5, 4);MoveNorthWest;(4, 3);CP_known;1;146
;(5, 4);MoveNorthWest;(4, 3);CP_known;1;147
MoveEast;(6, 4);MoveNorthWest;(3, 2);CP_known;1;148
;(6, 4);MoveWest;(3, 2);CP_known;1;149
;(6, 4);MoveWest;(3, 2);CP_known;1;150
;(6, 4);MoveWest;(3, 2);CP_known;1;151
;(6, 4);MoveWest;(3, 2);CP_known;1;152
;(6, 4);MoveWest;(3, 2);CP_known;1;153
;(6, 4);MoveWest;(3, 2);CP_known;1;154
;(6, 4);MoveWest;(3, 2);CP_known;1;155
;(6, 4);MoveWest;(3, 2);CP_known;1;156
;(6, 4);MoveWest;(3, 2);CP_known;1;157
;(6, 4);MoveWest;(3, 2);CP_known;1;158
;(6, 4);MoveWest;(2, 2);CP_known;1;159
MoveSouth;(6, 5);MoveNorthWest;(2, 2);CP_known;1;160
;(6, 5);MoveNorthWest;(2, 2);CP_known;1;161
;(6, 5);MoveNorthWest;(2, 2);CP_known;1;162
;(6, 5);MoveNorthWest;(2, 2);CP_known;1;163
;(6, 5);MoveNorthWest;(2, 2);CP_known;1;164
;(6, 5);MoveNorthWest;(2, 2);CP_known;1;165
;(6, 5);MoveNorthWest;(2, 2);CP_known;1;166
;(6, 5);MoveNorthWest;(2, 2);CP_known;1;167
;(6, 5);MoveNorthWest;(2, 2);CP_known;1;168
;(6, 5);MoveNorthWest;(2, 2);CP_known;1;169
;(6, 5);MoveNorthWest;(1, 1);CP_known;1;170
;(6, 5);MoveWest;(1, 1);CP_known;1;171
;(6, 5);MoveWest;(1, 1);CP_known;1;172
;(6, 5);MoveWest;(1, 1);CP_known;1;173
;(6, 5);MoveWest;(1, 1);CP_known;1;174
;(6, 5);MoveWest;(1, 1);CP_known;1;175
;(6, 5);MoveWest;(1, 1);CP_known;1;176
;(6, 5);MoveWest;(1, 1);CP_known;1;177
;(6, 5);MoveWest;(1, 1);CP_known;1;178
;(6, 5);MoveWest;(1, 1);CP_known;1;179
;(6, 5);MoveWest;(1, 1);CP_known;1;180
;(6, 5);MoveWest;(0, 1);CP_known;1;181
;(6, 5);DropObject;(0, 1);CP_known;1;182
;(6, 5);DropObject;(0, 1);CP_known;1;183
;(6, 5);DropObject;(0, 1);CP_known;1;184
;(6, 5);DropObject;(0, 1);CP_known;1;185
;(6, 5);DropObject;(0, 1);CP_known;1;186
MoveEast;(7, 5);DropObject;(0, 1);CP_known;1;187
;(7, 5);DropObject;(0, 1);CP_known;1;188
;(7, 5);DropObject;(0, 1);CP_known;1;189
;(7, 5);DropObject;(0, 1);CP_known;1;190
;(7, 5);DropObject;(0, 1);CP_known;1;191
;(7, 5);DropObject;(0, 1);CP_known;1;192
MoveWest;(6, 5);DropObject;(0, 1);CP_known;1;193
;(6, 5);DropObject;(0, 1);CP_known;1;194
;(6, 5);DropObject;(0, 1);CP_known;1;195
;(6, 5);DropObject;(0, 1);CP_known;1;196
;(6, 5);DropObject;(0, 1);CP_known;1;197
;(6, 5);DropObject;(0, 1);CP_known;1;198
;(6, 5);DropObject;(0, 1);CP_known;1;199
;(6, 5);DropObject;(0, 1);CP_known;1;200
;(6, 5);DropObject;(0, 1);CP_known;1;201
;(6, 5);DropObject;(0, 1);CP_known;1;202
;(6, 5);DropObject;(0, 1);CP_known;1;203
MoveWest;(5, 5);;(0, 1);CP_known;1;204
;(5, 5);;(0, 1);CP_known;1;205
;(5, 5);MoveEast;(0, 1);CP_known;1;206
;(5, 5);MoveEast;(0, 1);CP_known;1;207
;(5, 5);MoveEast;(0, 1);CP_known;1;208
;(5, 5);MoveEast;(0, 1);CP_known;1;209
;(5, 5);MoveEast;(0, 1);CP_known;1;210
;(5, 5);MoveEast;(0, 1);CP_known;1;211
;(5, 5);MoveEast;(0, 1);CP_known;1;212
;(5, 5);MoveEast;(0, 1);CP_known;1;213
;(5, 5);MoveEast;(0, 1);CP_known;1;214
;(5, 5);MoveEast;(0, 1);CP_known;1;215
;(5, 5);MoveEast;(1, 1);CP_known;1;216
;(5, 5);MoveEast;(1, 1);CP_known;1;217
;(5, 5);MoveEast;(1, 1);CP_known;1;218
;(5, 5);MoveEast;(1, 1);CP_known;1;219
GrabObject;(5, 5);MoveEast;(1, 1);CP_known;1;220
;(5, 5);MoveEast;(1, 1);CP_known;1;221
;(5, 5);MoveEast;(1, 1);CP_known;1;222
;(5, 5);MoveEast;(1, 1);CP_known;1;223
;(5, 5);MoveEast;(1, 1);CP_known;1;224
;(5, 5);MoveEast;(1, 1);CP_known;1;225
;(5, 5);MoveEast;(1, 1);CP_known;1;226
;(5, 5);MoveEast;(2, 1);CP_known;1;227
;(5, 5);MoveSouthEast;(2, 1);CP_known;1;228
;(5, 5);MoveSouthEast;(2, 1);CP_known;1;229
;(5, 5);MoveSouthEast;(2, 1);CP_known;1;230
;(5, 5);MoveSouthEast;(2, 1);CP_known;1;231
;(5, 5);MoveSouthEast;(2, 1);CP_known;1;232
;(5, 5);MoveSouthEast;(2, 1);CP_known;1;233
;(5, 5);MoveSouthEast;(2, 1);CP_known;1;234
MoveEast;(6, 5);MoveSouthEast;(2, 1);CP_known;1;235
;(6, 5);MoveSouthEast;(2, 1);CP_known;1;236
;(6, 5);MoveSouthEast;(2, 1);CP_known;1;237
;(6, 5);MoveSouthEast;(3, 2);CP_known;1;238
;(6, 5);MoveEast;(3, 2);CP_known;1;239
;(6, 5);MoveEast;(3, 2);CP_known;1;240
;(6, 5);MoveEast;(3, 2);CP_known;1;241
;(6, 5);MoveEast;(3, 2);CP_known;1;242
;(6, 5);MoveEast;(3, 2);CP_known;1;243
;(6, 5);MoveEast;(3, 2);CP_known;1;244
MoveEast;(7, 5);MoveEast;(3, 2);CP_known;1;245
;(7, 5);MoveEast;(3, 2);CP_known;1;246
;(7, 5);MoveEast;(3, 2);CP_known;1;247
;(7, 5);MoveEast;(3, 2);CP_known;1;248
;(7, 5);MoveEast;(4, 2);CP_known;1;249
;(7, 5);MoveSouthEast;(4, 2);CP_known;1;250
;(7, 5);MoveSouthEast;(4, 2);CP_known;1;251
;(7, 5);MoveSouthEast;(4, 2);CP_known;1;252
;(7, 5);MoveSouthEast;(4, 2);CP_known;1;253
;(7, 5);MoveSouthEast;(4, 2);CP_known;1;254
;(7, 5);MoveSouthEast;(4, 2);CP_known;1;255
;(7, 5);MoveSouthEast;(4, 2);CP_known;1;256
MoveEast;(8, 5);MoveSouthEast;(4, 2);CP_known;1;257
;(8, 5);MoveSouthEast;(4, 2);CP_known;1;258
;(8, 5);MoveSouthEast;(4, 2);CP_known;1;259
;(8, 5);MoveSouthEast;(5, 3);CP_known;1;260
;(8, 5);MoveSouthEast;(5, 3);CP_known;1;261
;(8, 5);MoveSouthEast;(5, 3);CP_known;1;262
MoveEast;(9, 5);MoveSouthEast;(5, 3);CP_known;1;263
;(9, 5);MoveSouthEast;(5, 3);CP_known;1;264
;(9, 5);MoveSouthEast;(5, 3);CP_known;1;265
;(9, 5);MoveSouthEast;(5, 3);CP_known;1;266
MoveEast;(10, 5);MoveSouthEast;(5, 3);CP_known;1;267
;(10, 5);MoveSouthEast;(5, 3);CP_known;1;268
;(10, 5);MoveSouthEast;(5, 3);CP_known;1;269
;(10, 5);MoveSouthEast;(5, 3);CP_known;1;270
;(10, 5);MoveSouthEast;(6, 4);CP_known;1;271
;(10, 5);MoveEast;(6, 4);CP_known;1;272
;(10, 5);MoveEast;(6, 4);CP_known;1;273
;(10, 5);MoveEast;(6, 4);CP_known;1;274
MoveEast;(11, 5);MoveEast;(6, 4);CP_known;1;275
;(11, 5);MoveEast;(6, 4);CP_known;1;276
;(11, 5);MoveEast;(6, 4);CP_known;1;277
;(11, 5);MoveEast;(6, 4);CP_known;1;278
;(11, 5);MoveEast;(6, 4);CP_known;1;279
;(11, 5);MoveEast;(6, 4);CP_known;1;280
;(11, 5);MoveEast;(6, 4);CP_known;1;281
;(11, 5);MoveEast;(7, 4);CP_known;1;282
;(11, 5);MoveEast;(7, 4);CP_known;1;283
;(11, 5);MoveEast;(7, 4);CP_known;1;284
;(11, 5);MoveEast;(7, 4);CP_known;1;285
;(11, 5);MoveEast;(7, 4);CP_known;1;286
;(11, 5);MoveEast;(7, 4);CP_known;1;287
DropObject;(11, 5);MoveEast;(7, 4);CP_known;1;288
;(11, 5);MoveEast;(7, 4);CP_known;1;289
;(11, 5);MoveEast;(7, 4);CP_known;1;290
;(11, 5);MoveEast;(7, 4);CP_known;1;291
;(11, 5);MoveEast;(7, 4);CP_known;1;292
;(11, 5);MoveEast;(8, 4);CP_known;1;293
;(11, 5);GrabLargeObject;(8, 4);CP_known;1;294
;(11, 5);GrabLargeObject;(8, 4);CP_known;1;295
;(11, 5);GrabLargeObject;(8, 4);CP_known;1;296
;(11, 5);GrabLargeObject;(8, 4);CP_known;1;297
;(11, 5);GrabLargeObject;(8, 4);CP_known;1;298
;(11, 5);GrabLargeObject;(8, 4);CP_known;1;299
MoveWest;(10, 5);GrabLargeObject;(8, 4);CP_known;1;300
;(10, 5);GrabLargeObject;(8, 4);CP_known;1;301
;(10, 5);GrabLargeObject;(8, 4);CP_known;1;302
;(10, 5);GrabLargeObject;(8, 4);CP_known;1;303
;(10, 5);GrabLargeObject;(8, 4);CP_known;1;304
;(10, 5);;(8, 4);CP_known;1;305
;(10, 5);;(8, 4);False;1;306
;(10, 5);MoveEast;(8, 4);False;1;307
;(10, 5);MoveEast;(8, 4);False;1;308
MoveWest;(9, 5);MoveEast;(8, 4);False;1;309
;(9, 5);MoveEast;(8, 4);False;1;310
;(9, 5);MoveEast;(8, 4);False;1;311
;(9, 5);MoveEast;(8, 4);False;1;312
;(9, 5);MoveEast;(8, 4);False;1;313
;(9, 5);MoveEast;(8, 4);False;1;314
;(9, 5);MoveEast;(8, 4);False;1;315
;(9, 5);MoveEast;(8, 4);False;1;316
;(9, 5);MoveEast;(9, 4);False;1;317
;(9, 5);MoveEast;(9, 4);False;1;318
;(9, 5);MoveEast;(9, 4);False;1;319
;(9, 5);MoveEast;(9, 4);False;1;320
;(9, 5);MoveEast;(9, 4);False;1;321
;(9, 5);MoveEast;(9, 4);False;1;322
;(9, 5);MoveEast;(9, 4);False;1;323
;(9, 5);MoveEast;(9, 4);False;1;324
;(9, 5);MoveEast;(9, 4);False;1;325
;(9, 5);MoveEast;(9, 4);False;1;326
;(9, 5);MoveEast;(9, 4);False;1;327
;(9, 5);MoveEast;(10, 4);False;1;328
;(9, 5);MoveWest;(10, 4);False;1;329
;(9, 5);MoveWest;(10, 4);False;1;330
;(9, 5);MoveWest;(10, 4);False;1;331
;(9, 5);MoveWest;(10, 4);False;1;332
;(9, 5);MoveWest;(10, 4);False;1;333
MoveWest;(8, 5);MoveWest;(10, 4);False;1;334
;(8, 5);MoveWest;(10, 4);False;1;335
;(8, 5);MoveWest;(10, 4);False;1;336
;(8, 5);MoveWest;(10, 4);False;1;337
MoveWest;(7, 5);MoveWest;(10, 4);False;1;338
;(7, 5);MoveWest;(9, 4);False;1;339
;(7, 5);MoveWest;(9, 4);False;1;340
;(7, 5);MoveWest;(9, 4);False;1;341
;(7, 5);MoveWest;(9, 4);False;1;342
;(7, 5);MoveWest;(9, 4);False;1;343
;(7, 5);MoveWest;(9, 4);False;1;344
;(7, 5);MoveWest;(9, 4);False;1;345
;(7, 5);MoveWest;(9, 4);False;1;346
;(7, 5);MoveWest;(9, 4);False;1;347
GrabObject;(7, 5);MoveWest;(9, 4);False;1;348
;(7, 5);MoveWest;(9, 4);False;1;349
;(7, 5);MoveWest;(8, 4);False;1;350
;(7, 5);MoveEast;(8, 4);False;1;351
;(7, 5);MoveEast;(8, 4);False;1;352
;(7, 5);MoveEast;(8, 4);False;1;353
;(7, 5);MoveEast;(8, 4);False;1;354
;(7, 5);MoveEast;(8, 4);False;1;355
;(7, 5);MoveEast;(8, 4);False;1;356
;(7, 5);MoveEast;(8, 4);False;1;357
;(7, 5);MoveEast;(8, 4);False;1;358
;(7, 5);MoveEast;(8, 4);False;1;359
;(7, 5);MoveEast;(8, 4);False;1;360
;(7, 5);MoveEast;(9, 4);False;1;361
;(7, 5);MoveEast;(9, 4);False;1;362
MoveEast;(8, 5);MoveEast;(9, 4);False;1;363
;(8, 5);MoveEast;(9, 4);False;1;364
;(8, 5);MoveEast;(9, 4);False;1;365
;(8, 5);MoveEast;(9, 4);False;1;366
;(8, 5);MoveEast;(9, 4);False;1;367
;(8, 5);MoveEast;(9, 4);False;1;368
;(8, 5);MoveEast;(9, 4);False;1;369
;(8, 5);MoveEast;(9, 4);False;1;370
;(8, 5);MoveEast;(9, 4);False;1;371
MoveEast;(9, 5);MoveEast;(10, 4);False;1;372
MoveEast;(10, 5);MoveWest;(10, 4);False;1;373
MoveEast;(11, 5);MoveWest;(10, 4);False;1;374
;(11, 5);MoveWest;(10, 4);False;1;375
;(11, 5);MoveWest;(10, 4);False;1;376
;(11, 5);MoveWest;(10, 4);False;1;377
;(11, 5);MoveWest;(10, 4);False;1;378
MoveEast;(12, 5);MoveWest;(10, 4);False;1;379
;(12, 5);MoveWest;(10, 4);False;1;380
;(12, 5);MoveWest;(10, 4);False;1;381
;(12, 5);MoveWest;(10, 4);False;1;382
;(12, 5);MoveWest;(9, 4);False;1;383
;(12, 5);MoveWest;(9, 4);False;1;384
DropObject;(12, 5);MoveWest;(9, 4);False;1;385
;(12, 5);MoveWest;(9, 4);False;1;386
;(12, 5);MoveWest;(9, 4);False;1;387
;(12, 5);MoveWest;(9, 4);False;1;388
;(12, 5);MoveWest;(9, 4);False;1;389
;(12, 5);MoveWest;(9, 4);False;1;390
;(12, 5);MoveWest;(9, 4);False;1;391
;(12, 5);MoveWest;(9, 4);False;1;392
;(12, 5);MoveWest;(9, 4);False;1;393
;(12, 5);MoveWest;(8, 4);False;1;394
MoveWest;(11, 5);MoveEast;(8, 4);False;1;395
;(11, 5);MoveEast;(8, 4);False;1;396
;(11, 5);MoveEast;(8, 4);False;1;397
;(11, 5);MoveEast;(8, 4);False;1;398
;(11, 5);MoveEast;(8, 4);False;1;399
;(11, 5);MoveEast;(8, 4);False;1;400
;(11, 5);MoveEast;(8, 4);False;1;401
;(11, 5);MoveEast;(8, 4);False;1;402
MoveWest;(10, 5);MoveEast;(8, 4);False;1;403
MoveWest;(9, 5);MoveEast;(8, 4);False;1;404
MoveWest;(8, 5);MoveEast;(9, 4);False;1;405
MoveWest;(7, 5);MoveEast;(9, 4);False;1;406
MoveWest;(6, 5);MoveEast;(9, 4);False;1;407
;(6, 5);MoveEast;(9, 4);False;1;408
;(6, 5);MoveEast;(9, 4);False;1;409
;(6, 5);MoveEast;(9, 4);False;1;410
;(6, 5);MoveEast;(9, 4);False;1;411
;(6, 5);MoveEast;(9, 4);False;1;412
;(6, 5);MoveEast;(9, 4);False;1;413
;(6, 5);MoveEast;(9, 4);False;1;414
;(6, 5);MoveEast;(9, 4);False;1;415
;(6, 5);MoveEast;(10, 4);False;1;416
;(6, 5);MoveWest;(10, 4);False;1;417
GrabObject;(6, 5);MoveWest;(10, 4);False;1;418
;(6, 5);MoveWest;(10, 4);False;1;419
;(6, 5);MoveWest;(10, 4);False;1;420
;(6, 5);MoveWest;(10, 4);False;1;421
;(6, 5);MoveWest;(10, 4);False;1;422
;(6, 5);MoveWest;(10, 4);False;1;423
;(6, 5);MoveWest;(10, 4);False;1;424
;(6, 5);MoveWest;(10, 4);False;1;425
;(6, 5);MoveWest;(10, 4);False;1;426
;(6, 5);MoveWest;(9, 4);False;1;427
MoveEast;(7, 5);;(9, 4);False;1;428
;(7, 5);;(9, 4);CP_known;1;429
;(7, 5);;(9, 4);CP_known;1;430
;(7, 5);MoveWest;(9, 4);CP_known;1;431
;(7, 5);MoveWest;(9, 4);CP_known;1;432
;(7, 5);MoveWest;(9, 4);CP_known;1;433
;(7, 5);MoveWest;(9, 4);CP_known;1;434
;(7, 5);MoveWest;(9, 4);CP_known;1;435
MoveEast;(8, 5);MoveWest;(9, 4);CP_known;1;436
MoveEast;(9, 5);MoveWest;(9, 4);CP_known;1;437
MoveEast;(10, 5);MoveWest;(9, 4);CP_known;1;438
MoveEast;(11, 5);MoveWest;(9, 4);CP_known;1;439
MoveEast;(12, 5);MoveWest;(9, 4);CP_known;1;440
MoveEast;(13, 5);MoveWest;(8, 4);CP_known;1;441
MoveEast;(14, 5);MoveWest;(8, 4);CP_known;1;442
;(14, 5);MoveWest;(8, 4);CP_known;1;443
;(14, 5);MoveWest;(8, 4);CP_known;1;444
;(14, 5);MoveWest;(8, 4);CP_known;1;445
;(14, 5);MoveWest;(8, 4);CP_known;1;446
;(14, 5);MoveWest;(8, 4);CP_known;1;447
;(14, 5);MoveWest;(8, 4);CP_known;1;448
DropObject;(14, 5);MoveWest;(8, 4);CP_known;1;449
;(14, 5);MoveWest;(8, 4);CP_known;1;450
;(14, 5);MoveWest;(8, 4);CP_known;1;451
;(14, 5);MoveWest;(7, 4);CP_known;1;452
;(14, 5);MoveWest;(7, 4);CP_known;1;453
;(14, 5);MoveWest;(7, 4);CP_known;1;454
;(14, 5);MoveWest;(7, 4);CP_known;1;455
;(14, 5);MoveWest;(7, 4);CP_known;1;456
;(14, 5);MoveWest;(7, 4);CP_known;1;457
;(14, 5);MoveWest;(7, 4);CP_known;1;458
MoveWest;(13, 5);MoveWest;(7, 4);CP_known;1;459
;(13, 5);MoveWest;(7, 4);CP_known;1;460
;(13, 5);MoveWest;(7, 4);CP_known;1;461
;(13, 5);MoveWest;(7, 4);CP_known;1;462
;(13, 5);MoveWest;(6, 4);CP_known;1;463
;(13, 5);MoveWest;(6, 4);CP_known;1;464
;(13, 5);MoveWest;(6, 4);CP_known;1;465
;(13, 5);MoveWest;(6, 4);CP_known;1;466
;(13, 5);MoveWest;(6, 4);CP_known;1;467
;(13, 5);MoveWest;(6, 4);CP_known;1;468
;(13, 5);MoveWest;(6, 4);CP_known;1;469
;(13, 5);MoveWest;(6, 4);CP_known;1;470
;(13, 5);MoveWest;(6, 4);CP_known;1;471
MoveWest;(12, 5);MoveWest;(6, 4);CP_known;1;472
;(12, 5);MoveWest;(6, 4);CP_known;1;473
;(12, 5);MoveWest;(5, 4);CP_known;1;474
;(12, 5);MoveWest;(5, 4);CP_known;1;475
;(12, 5);MoveWest;(5, 4);CP_known;1;476
;(12, 5);MoveWest;(5, 4);CP_known;1;477
;(12, 5);MoveWest;(5, 4);CP_known;1;478
MoveWest;(11, 5);MoveWest;(5, 4);CP_known;1;479
;(11, 5);MoveWest;(5, 4);CP_known;1;480
;(11, 5);MoveWest;(5, 4);CP_known;1;481
;(11, 5);MoveWest;(5, 4);CP_known;1;482
MoveWest;(10, 5);MoveWest;(5, 4);CP_known;1;483
;(10, 5);MoveWest;(5, 4);CP_known;1;484
;(10, 5);MoveWest;(4, 4);CP_known;1;485
;(10, 5);MoveNorthWest;(4, 4);CP_known;1;486
;(10, 5);MoveNorthWest;(4, 4);CP_known;1;487
;(10, 5);MoveNorthWest;(4, 4);CP_known;1;488
;(10, 5);MoveNorthWest;(4, 4);CP_known;1;489
MoveWest;(9, 5);MoveNorthWest;(4, 4);CP_known;1;490
;(9, 5);MoveNorthWest;(4, 4);CP_known;1;491
;(9, 5);MoveNorthWest;(4, 4);CP_known;1;492
;(9, 5);MoveNorthWest;(4, 4);CP_known;1;493
;(9, 5);MoveNorthWest;(4, 4);CP_known;1;494
;(9, 5);MoveNorthWest;(4, 4);CP_known;1;495
;(9, 5);MoveNorthWest;(3, 3);CP_known;1;496
;(9, 5);MoveWest;(3, 3);CP_known;1;497
;(9, 5);MoveWest;(3, 3);CP_known;1;498
MoveEast;(10, 5);MoveWest;(3, 3);CP_known;1;499
;(10, 5);MoveWest;(3, 3);CP_known;1;500
;(10, 5);MoveWest;(3, 3);CP_known;1;501
;(10, 5);MoveWest;(3, 3);CP_known;1;502
;(10, 5);MoveWest;(3, 3);CP_known;1;503
;(10, 5);MoveWest;(3, 3);CP_known;1;504
;(10, 5);MoveWest;(3, 3);CP_known;1;505
MoveWest;(9, 5);MoveWest;(3, 3);CP_known;1;506
;(9, 5);MoveWest;(2, 3);CP_known;1;507
;(9, 5);MoveNorthWest;(2, 3);CP_known;1;508
;(9, 5);MoveNorthWest;(2, 3);CP_known;1;509
;(9, 5);MoveNorthWest;(2, 3);CP_known;1;510
;(9, 5);MoveNorthWest;(2, 3);CP_known;1;511
;(9, 5);MoveNorthWest;(2, 3);CP_known;1;512
MoveWest;(8, 5);MoveNorthWest;(2, 3);CP_known;1;513
;(8, 5);MoveNorthWest;(2, 3);CP_known;1;514
;(8, 5);MoveNorthWest;(2, 3);CP_known;1;515
;(8, 5);MoveNorthWest;(2, 3);CP_known;1;516
;(8, 5);MoveNorthWest;(2, 3);CP_known;1;517
;(8, 5);MoveNorthWest;(1, 2);CP_known;1;518
;(8, 5);MoveWest;(1, 2);CP_known;1;519
;(8, 5);MoveWest;(1, 2);CP_known;1;520
;(8, 5);MoveWest;(1, 2);CP_known;1;521
;(8, 5);MoveWest;(1, 2);CP_known;1;522
;(8, 5);MoveWest;(1, 2);CP_known;1;523
MoveSouth;(8, 6);MoveWest;(1, 2);CP_known;1;524
;(8, 6);MoveWest;(1, 2);CP_known;1;525
;(8, 6);MoveWest;(1, 2);CP_known;1;526
;(8, 6);MoveWest;(1, 2);CP_known;1;527
;(8, 6);MoveWest;(1, 2);CP_known;1;528
;(8, 6);MoveWest;(0, 2);CP_known;1;529
;(8, 6);DropLargeObject;(0, 2);CP_known;1;530
;(8, 6);DropLargeObject;(0, 2);CP_known;1;531
;(8, 6);DropLargeObject;(0, 2);CP_known;1;532
MoveSouth;(8, 7);DropLargeObject;(0, 2);CP_known;1;533
;(8, 7);DropLargeObject;(0, 2);CP_known;1;534
;(8, 7);DropLargeObject;(0, 2);CP_known;1;535
;(8, 7);DropLargeObject;(0, 2);CP_known;1;536
DropObject;(8, 7);DropLargeObject;(0, 2);CP_known;1;537
;(8, 7);DropLargeObject;(0, 2);CP_known;1;538
;(8, 7);DropLargeObject;(0, 2);CP_known;1;539
;(8, 7);DropLargeObject;(0, 2);CP_known;1;540
;(8, 7);;(0, 2);CP_known;1;541
;(8, 7);;(0, 2);CP_known;1;542
;(8, 7);MoveSouthEast;(0, 2);CP_known;1;543
;(8, 7);MoveSouthEast;(0, 2);CP_known;1;544
;(8, 7);MoveSouthEast;(0, 2);CP_known;1;545
;(8, 7);MoveSouthEast;(0, 2);CP_known;1;546
;(8, 7);MoveSouthEast;(0, 2);CP_known;1;547
;(8, 7);MoveSouthEast;(0, 2);CP_known;1;548
;(8, 7);MoveSouthEast;(0, 2);CP_known;1;549
MoveNorth;(8, 6);MoveSouthEast;(0, 2);CP_known;1;550
;(8, 6);MoveSouthEast;(0, 2);CP_known;1;551
;(8, 6);MoveSouthEast;(0, 2);CP_known;1;552
;(8, 6);MoveSouthEast;(1, 3);CP_known;1;553
;(8, 6);MoveEast;(1, 3);CP_known;1;554
;(8, 6);MoveEast;(1, 3);CP_known;1;555
;(8, 6);MoveEast;(1, 3);CP_known;1;556
;(8, 6);MoveEast;(1, 3);CP_known;1;557
;(8, 6);MoveEast;(1, 3);CP_known;1;558
;(8, 6);MoveEast;(1, 3);CP_known;1;559
DropObject;(8, 6);MoveEast;(1, 3);CP_known;1;560
;(8, 6);MoveEast;(1, 3);CP_known;1;561
;(8, 6);MoveEast;(1, 3);CP_known;1;562
;(8, 6);MoveEast;(1, 3);CP_known;1;563
;(8, 6);MoveEast;(2, 3);CP_known;1;564
;(8, 6);MoveSouthEast;(2, 3);CP_known;1;565
;(8, 6);MoveSouthEast;(2, 3);CP_known;1;566
;(8, 6);MoveSouthEast;(2, 3);CP_known;1;567
;(8, 6);MoveSouthEast;(2, 3);CP_known;1;568
;(8, 6);MoveSouthEast;(2, 3);CP_known;1;569
;(8, 6);MoveSouthEast;(2, 3);CP_known;1;570
;(8, 6);MoveSouthEast;(2, 3);CP_known;1;571
;(8, 6);MoveSouthEast;(2, 3);CP_known;1;572
;(8, 6);MoveSouthEast;(2, 3);CP_known;1;573
GrabObject;(8, 6);MoveSouthEast;(2, 3);CP_known;1;574
;(8, 6);MoveSouthEast;(3, 4);CP_known;1;575
;(8, 6);MoveSouthEast;(3, 4);CP_known;1;576
;(8, 6);MoveSouthEast;(3, 4);CP_known;1;577
;(8, 6);MoveSouthEast;(3, 4);CP_known;1;578
;(8, 6);MoveSouthEast;(3, 4);CP_known;1;579
;(8, 6);MoveSouthEast;(3, 4);CP_known;1;580
;(8, 6);MoveSouthEast;(3, 4);CP_known;1;581
;(8, 6);MoveSouthEast;(3, 4);CP_known;1;582
;(8, 6);MoveSouthEast;(3, 4);CP_known;1;583
;(8, 6);MoveSouthEast;(3, 4);CP_known;1;584
;(8, 6);MoveSouthEast;(3, 4);CP_known;1;585
;(8, 6);MoveSouthEast;(4, 5);CP_known;1;586
MoveWest;(7, 6);MoveSouthEast;(4, 5);CP_known;1;587
;(7, 6);MoveSouthEast;(4, 5);CP_known;1;588
;(7, 6);MoveSouthEast;(4, 5);CP_known;1;589
;(7, 6);MoveSouthEast;(4, 5);CP_known;1;590
;(7, 6);MoveSouthEast;(4, 5);CP_known;1;591
;(7, 6);MoveSouthEast;(4, 5);CP_known;1;592
;(7, 6);MoveSouthEast;(4, 5);CP_known;1;593
GrabObject;(7, 6);MoveSouthEast;(4, 5);CP_known;1;594
;(7, 6);MoveSouthEast;(4, 5);CP_known;1;595
;(7, 6);MoveSouthEast;(4, 5);CP_known;1;596
;(7, 6);MoveSouthEast;(5, 6);CP_known;1;597
;(7, 6);GrabLargeObject;(5, 6);CP_known;1;598
;(7, 6);GrabLargeObject;(5, 6);CP_known;1;599
;(7, 6);GrabLargeObject;(5, 6);CP_known;1;600
;(7, 6);GrabLargeObject;(5, 6);CP_known;1;601
;(7, 6);GrabLargeObject;(5, 6);CP_known;1;602
;(7, 6);GrabLargeObject;(5, 6);CP_known;1;603
MoveEast;(8, 6);GrabLargeObject;(5, 6);CP_known;1;604
;(8, 6);GrabLargeObject;(5, 6);CP_known;1;605
;(8, 6);GrabLargeObject;(5, 6);CP_known;1;606
;(8, 6);GrabLargeObject;(5, 6);CP_known;1;607
;(8, 6);GrabLargeObject;(5, 6);CP_known;1;608
;(8, 6);;(5, 6);CP_known;1;609
;(8, 6);;(5, 6);CP_known;1;610
;(8, 6);MoveEast;(5, 6);CP_known;1;611
;(8, 6);MoveEast;(5, 6);CP_known;1;612
;(8, 6);MoveEast;(5, 6);CP_known;1;613
;(8, 6);MoveEast;(5, 6);CP_known;1;614
;(8, 6);MoveEast;(5, 6);CP_known;1;615
;(8, 6);MoveEast;(5, 6);CP_known;1;616
;(8, 6);MoveEast;(5, 6);CP_known;1;617
;(8, 6);MoveEast;(5, 6);CP_known;1;618
;(8, 6);MoveEast;(5, 6);CP_known;1;619
;(8, 6);MoveEast;(5, 6);CP_known;1;620
;(8, 6);MoveEast;(6, 6);CP_known;1;621
;(8, 6);MoveEast;(6, 6);CP_known;1;622
;(8, 6);MoveEast;(6, 6);CP_known;1;623
MoveEast;(9, 6);MoveEast;(6, 6);CP_known;1;624
;(9, 6);MoveEast;(6, 6);CP_known;1;625
;(9, 6);MoveEast;(6, 6);CP_known;1;626
;(9, 6);MoveEast;(6, 6);CP_known;1;627
;(9, 6);MoveEast;(6, 6);CP_known;1;628
;(9, 6);MoveEast;(6, 6);CP_known;1;629
;(9, 6);MoveEast;(6, 6);CP_known;1;630
;(9, 6);MoveEast;(6, 6);CP_known;1;631
;(9, 6);MoveEast;(7, 6);CP_known;1;632
;(9, 6);MoveEast;(7, 6);CP_known;1;633
;(9, 6);MoveEast;(7, 6);CP_known;1;634
;(9, 6);MoveEast;(7, 6);CP_known;1;635
;(9, 6);MoveEast;(7, 6);CP_known;1;636
;(9, 6);MoveEast;(7, 6);CP_known;1;637
GrabObject;(9, 6);MoveEast;(7, 6);CP_known;1;638
;(9, 6);MoveEast;(7, 6);CP_known;1;639
;(9, 6);MoveEast;(7, 6);CP_known;1;640
;(9, 6);MoveEast;(7, 6);CP_known;1;641
;(9, 6);MoveEast;(7, 6);CP_known;1;642
;(9, 6);MoveEast;(8, 6);CP_known;1;643
;(9, 6);MoveEast;(8, 6);CP_known;1;644
;(9, 6);MoveEast;(8, 6);CP_known;1;645
;(9, 6);MoveEast;(8, 6);CP_known;1;646
;(9, 6);MoveEast;(8, 6);CP_known;1;647
;(9, 6);MoveEast;(8, 6);CP_known;1;648
;(9, 6);MoveEast;(8, 6);CP_known;1;649
;(9, 6);MoveEast;(8, 6);CP_known;1;650
MoveEast;(10, 6);MoveEast;(8, 6);CP_known;1;651
;(10, 6);MoveEast;(8, 6);CP_known;1;652
;(10, 6);MoveEast;(8, 6);CP_known;1;653
;(10, 6);MoveEast;(9, 6);CP_known;1;654
;(10, 6);MoveEast;(9, 6);CP_known;1;655
;(10, 6);MoveEast;(9, 6);CP_known;1;656
;(10, 6);MoveEast;(9, 6);CP_known;1;657
;(10, 6);MoveEast;(9, 6);CP_known;1;658
;(10, 6);MoveEast;(9, 6);CP_known;1;659
MoveNorth;(10, 5);MoveEast;(9, 6);CP_known;1;660
;(10, 5);MoveEast;(9, 6);CP_known;1;661
;(10, 5);MoveEast;(9, 6);CP_known;1;662
;(10, 5);MoveEast;(9, 6);CP_known;1;663
;(10, 5);MoveEast;(9, 6);CP_known;1;664
;(10, 5);MoveEast;(10, 6);CP_known;1;665
;(10, 5);MoveEast;(10, 6);CP_known;1;666
;(10, 5);MoveEast;(10, 6);CP_known;1;667
;(10, 5);MoveEast;(10, 6);CP_known;1;668
;(10, 5);MoveEast;(10, 6);CP_known;1;669
GrabObject;(10, 5);MoveEast;(10, 6);CP_known;1;670
;(10, 5);MoveEast;(10, 6);CP_known;1;671
;(10, 5);MoveEast;(10, 6);CP_known;1;672
;(10, 5);MoveEast;(10, 6);CP_known;1;673
;(10, 5);MoveEast;(10, 6);CP_known;1;674
;(10, 5);MoveEast;(10, 6);CP_known;1;675
;(10, 5);MoveEast;(11, 6);CP_known;1;676
;(10, 5);MoveSouthEast;(11, 6);CP_known;1;677
;(10, 5);MoveSouthEast;(11, 6);CP_known;1;678
MoveEast;(11, 5);MoveSouthEast;(11, 6);CP_known;1;679
;(11, 5);MoveSouthEast;(11, 6);CP_known;1;680
;(11, 5);MoveSouthEast;(11, 6);CP_known;1;681
;(11, 5);MoveSouthEast;(11, 6);CP_known;1;682
;(11, 5);MoveSouthEast;(11, 6);CP_known;1;683
;(11, 5);MoveSouthEast;(11, 6);CP_known;1;684
;(11, 5);MoveSouthEast;(11, 6);CP_known;1;685
;(11, 5);MoveSouthEast;(11, 6);CP_known;1;686
;(11, 5);MoveSouthEast;(12, 7);CP_known;1;687
;(11, 5);MoveSouthEast;(12, 7);CP_known;1;688
;(11, 5);MoveSouthEast;(12, 7);CP_known;1;689
;(11, 5);MoveSouthEast;(12, 7);CP_known;1;690
DropObject;(11, 5);MoveSouthEast;(12, 7);CP_known;1;691
;(11, 5);MoveSouthEast;(12, 7);CP_known;1;692
;(11, 5);MoveSouthEast;(12, 7);CP_known;1;693
;(11, 5);MoveSouthEast;(12, 7);CP_known;1;694
;(11, 5);MoveSouthEast;(12, 7);CP_known;1;695
;(11, 5);MoveSouthEast;(12, 7);CP_known;1;696
;(11, 5);MoveSouthEast;(12, 7);CP_known;1;697
;(11, 5);MoveSouthEast;(13, 8);CP_known;1;698
;(11, 5);MoveEast;(13, 8);CP_known;1;699
;(11, 5);MoveEast;(13, 8);CP_known;1;700
;(11, 5);MoveEast;(13, 8);CP_known;1;701
MoveWest;(10, 5);MoveEast;(13, 8);CP_known;1;702
;(10, 5);MoveEast;(13, 8);CP_known;1;703
;(10, 5);MoveEast;(13, 8);CP_known;1;704
;(10, 5);MoveEast;(13, 8);CP_known;1;705
;(10, 5);MoveEast;(13, 8);CP_known;1;706
;(10, 5);MoveEast;(13, 8);CP_known;1;707
;(10, 5);MoveEast;(13, 8);CP_known;1;708
;(10, 5);MoveEast;(14, 8);CP_known;1;709
;(10, 5);MoveEast;(14, 8);CP_known;1;710
DropObject;(10, 5);MoveEast;(14, 8);CP_known;1;711
;(10, 5);MoveEast;(14, 8);CP_known;1;712
;(10, 5);MoveEast;(14, 8);CP_known;1;713
;(10, 5);MoveEast;(14, 8);CP_known;1;714
;(10, 5);MoveEast;(14, 8);CP_known;1;715
;(10, 5);MoveEast;(14, 8);CP_known;1;716
;(10, 5);MoveEast;(14, 8);CP_known;1;717
;(10, 5);MoveEast;(14, 8);CP_known;1;718
;(10, 5);MoveEast;(14, 8);CP_known;1;719
GrabObject;(10, 5);MoveEast;(15, 8);CP_known;1;720
;(10, 5);MoveEast;(15, 8);CP_known;1;721
;(10, 5);MoveEast;(15, 8);CP_known;1;722
;(10, 5);MoveEast;(15, 8);CP_known;1;723
;(10, 5);MoveEast;(15, 8);CP_known;1;724
;(10, 5);MoveEast;(15, 8);CP_known;1;725
;(10, 5);MoveEast;(15, 8);CP_known;1;726
;(10, 5);MoveEast;(15, 8);CP_known;1;727
;(10, 5);MoveEast;(15, 8);CP_known;1;728
MoveEast;(11, 5);MoveEast;(15, 8);CP_known;1;729
;(11, 5);MoveEast;(15, 8);CP_known;1;730
;(11, 5);MoveEast;(16, 8);CP_known;1;731
;(11, 5);MoveEast;(16, 8);CP_known;1;732
;(11, 5);MoveEast;(16, 8);CP_known;1;733
;(11, 5);MoveEast;(16, 8);CP_known;1;734
;(11, 5);MoveEast;(16, 8);CP_known;1;735
;(11, 5);MoveEast;(16, 8);CP_known;1;736
;(11, 5);MoveEast;(16, 8);CP_known;1;737
;(11, 5);MoveEast;(16, 8);CP_known;1;738
;(11, 5);MoveEast;(16, 8);CP_known;1;739
MoveEast;(12, 5);MoveEast;(16, 8);CP_known;1;740
;(12, 5);MoveEast;(16, 8);CP_known;1;741
;(12, 5);MoveEast;(17, 8);CP_known;1;742
;(12, 5);DropLargeObject;(17, 8);CP_known;1;743
;(12, 5);DropLargeObject;(17, 8);CP_known;1;744
DropObject;(12, 5);DropLargeObject;(17, 8);CP_known;1;745
;(12, 5);DropLargeObject;(17, 8);CP_known;1;746
;(12, 5);DropLargeObject;(17, 8);CP_known;1;747
;(12, 5);DropLargeObject;(17, 8);CP_known;1;748
;(12, 5);DropLargeObject;(17, 8);CP_known;1;749
;(12, 5);DropLargeObject;(17, 8);CP_known;1;750
;(12, 5);DropLargeObject;(17, 8);CP_known;1;751
;(12, 5);DropLargeObject;(17, 8);CP_known;1;752
;(12, 5);DropLargeObject;(17, 8);CP_known;1;753
;(12, 5);;(17, 8);CP_known;1;754
MoveWest;(11, 5);;(17, 8);CP_known;1;755
;(11, 5);;(17, 8);CP_known;1;756
;(11, 5);MoveWest;(17, 8);CP_known;1;757
;(11, 5);MoveWest;(17, 8);CP_known;1;758
;(11, 5);MoveWest;(17, 8);CP_known;1;759
;(11, 5);MoveWest;(17, 8);CP_known;1;760
;(11, 5);MoveWest;(17, 8);CP_known;1;761
;(11, 5);MoveWest;(17, 8);CP_known;1;762
;(11, 5);MoveWest;(17, 8);CP_known;1;763
;(11, 5);MoveWest;(17, 8);CP_known;1;764
;(11, 5);MoveWest;(17, 8);CP_known;1;765
;(11, 5);MoveWest;(17, 8);CP_known;1;766
;(11, 5);MoveWest;(16, 8);CP_known;1;767
;(11, 5);MoveWest;(16, 8);CP_known;1;768
MoveWest;(10, 5);MoveWest;(16, 8);CP_known;1;769
;(10, 5);MoveWest;(16, 8);CP_known;1;770
;(10, 5);MoveWest;(16, 8);CP_known;1;771
;(10, 5);MoveWest;(16, 8);CP_known;1;772
;(10, 5);MoveWest;(16, 8);CP_known;1;773
;(10, 5);MoveWest;(16, 8);CP_known;1;774
;(10, 5);MoveWest;(16, 8);CP_known;1;775
;(10, 5);MoveWest;(16, 8);CP_known;1;776
;(10, 5);MoveWest;(16, 8);CP_known;1;777
MoveSouth;(10, 6);MoveWest;(15, 8);CP_known;1;778
;(10, 6);MoveWest;(15, 8);CP_known;1;779
;(10, 6);MoveWest;(15, 8);CP_known;1;780
;(10, 6);MoveWest;(15, 8);CP_known;1;781
;(10, 6);MoveWest;(15, 8);CP_known;1;782
;(10, 6);MoveWest;(15, 8);CP_known;1;783
;(10, 6);MoveWest;(15, 8);CP_known;1;784
;(10, 6);MoveWest;(15, 8);CP_known;1;785
;(10, 6);MoveWest;(15, 8);CP_known;1;786
;(10, 6);MoveWest;(15, 8);CP_known;1;787
GrabObject;(10, 6);MoveWest;(15, 8);CP_known;1;788
;(10, 6);MoveWest;(14, 8);CP_known;1;789
;(10, 6);MoveWest;(14, 8);CP_known;1;790
;(10, 6);MoveWest;(14, 8);CP_known;1;791
;(10, 6);MoveWest;(14, 8);CP_known;1;792
;(10, 6);MoveWest;(14, 8);CP_known;1;793
;(10, 6);MoveWest;(14, 8);CP_known;1;794
;(10, 6);MoveWest;(14, 8);CP_known;1;795
;(10, 6);MoveWest;(14, 8);CP_known;1;796
;(10, 6);MoveWest;(14, 8);CP_known;1;797
;(10, 6);MoveWest;(14, 8);CP_known;1;798
;(10, 6);MoveWest;(14, 8);CP_known;1;799
;(10, 6);MoveWest;(13, 8);CP_known;1;800
;(10, 6);MoveNorthWest;(13, 8);CP_known;1;801
;(10, 6);MoveNorthWest;(13, 8);CP_known;1;802
GrabObject;(10, 6);MoveNorthWest;(13, 8);CP_known;1;803
;(10, 6);MoveNorthWest;(13, 8);CP_known;1;804
;(10, 6);MoveNorthWest;(13, 8);CP_known;1;805
;(10, 6);MoveNorthWest;(13, 8);CP_known;1;806
;(10, 6);MoveNorthWest;(13, 8);CP_known;1;807
;(10, 6);MoveNorthWest;(13, 8);CP_known;1;808
;(10, 6);MoveNorthWest;(13, 8);CP_known;1;809
;(10, 6);MoveNorthWest;(13, 8);CP_known;1;810
;(10, 6);MoveNorthWest;(12, 7);CP_known;1;811
MoveWest;(9, 6);MoveWest;(12, 7);CP_known;1;812
;(9, 6);MoveWest;(12, 7);CP_known;1;813
;(9, 6);MoveWest;(12, 7);CP_known;1;814
;(9, 6);MoveWest;(12, 7);CP_known;1;815
MoveEast;(10, 6);MoveWest;(12, 7);CP_known;1;816
;(10, 6);MoveWest;(12, 7);CP_known;1;817
;(10, 6);MoveWest;(12, 7);CP_known;1;818
;(10, 6);MoveWest;(12, 7);CP_known;1;819
;(10, 6);MoveWest;(12, 7);CP_known;1;820
;(10, 6);MoveWest;(12, 7);CP_known;1;821
;(10, 6);MoveWest;(11, 7);CP_known;1;822
;(10, 6);MoveNorthWest;(11, 7);CP_known;1;823
;(10, 6);MoveNorthWest;(11, 7);CP_known;1;824
;(10, 6);MoveNorthWest;(11, 7);CP_known;1;825
MoveEast;(11, 6);MoveNorthWest;(11, 7);CP_known;1;826
MoveEast;(12, 6);MoveNorthWest;(11, 7);CP_known;1;827
MoveEast;(13, 6);MoveNorthWest;(11, 7);CP_known;1;828
;(13, 6);MoveNorthWest;(11, 7);CP_known;1;829
MoveEast;(14, 6);MoveNorthWest;(11, 7);CP_known;1;830
;(14, 6);MoveNorthWest;(11, 7);CP_known;1;831
;(14, 6);MoveNorthWest;(11, 7);CP_known;1;832
;(14, 6);MoveNorthWest;(10, 6);CP_known;1;833
;(14, 6);MoveWest;(10, 6);CP_known;1;834
;(14, 6);MoveWest;(10, 6);CP_known;1;835
;(14, 6);MoveWest;(10, 6);CP_known;1;836
DropObject;(14, 6);MoveWest;(10, 6);CP_known;1;837
;(14, 6);MoveWest;(10, 6);CP_known;1;838
;(14, 6);MoveWest;(10, 6);CP_known;1;839
;(14, 6);MoveWest;(10, 6);CP_known;1;840
;(14, 6);MoveWest;(10, 6);CP_known;1;841
;(14, 6);MoveWest;(10, 6);CP_known;1;842
MoveWest;(13, 6);MoveWest;(10, 6);CP_known;1;843
;(13, 6);MoveWest;(9, 6);CP_known;1;844
;(13, 6);GrabLargeObject;(9, 6);CP_known;1;845
;(13, 6);GrabLargeObject;(9, 6);CP_known;1;846
;(13, 6);GrabLargeObject;(9, 6);CP_known;1;847
;(13, 6);GrabLargeObject;(9, 6);CP_known;1;848
;(13, 6);GrabLargeObject;(9, 6);CP_known;1;849
;(13, 6);GrabLargeObject;(9, 6);CP_known;1;850
;(13, 6);GrabLargeObject;(9, 6);CP_known;1;851
;(13, 6);GrabLargeObject;(9, 6);CP_known;1;852
MoveWest;(12, 6);GrabLargeObject;(9, 6);CP_known;1;853
MoveWest;(11, 6);GrabLargeObject;(9, 6);CP_known;1;854
;(11, 6);GrabLargeObject;(9, 6);CP_known;1;855
;(11, 6);;(9, 6);CP_known;1;856
;(11, 6);;(9, 6);CP_known;1;857
;(11, 6);MoveEast;(9, 6);CP_known;1;858
;(11, 6);MoveEast;(9, 6);CP_known;1;859
MoveWest;(10, 6);MoveEast;(9, 6);CP_known;1;860
;(10, 6);MoveEast;(9, 6);CP_known;1;861
;(10, 6);MoveEast;(9, 6);CP_known;1;862
;(10, 6);MoveEast;(9, 6);CP_known;1;863
;(10, 6);MoveEast;(9, 6);CP_known;1;864
;(10, 6);MoveEast;(9, 6);CP_known;1;865
;(10, 6);MoveEast;(9, 6);CP_known;1;866
;(10, 6);MoveEast;(9, 6);CP_known;1;867
;(10, 6);MoveEast;(10, 6);CP_known;1;868
;(10, 6);MoveEast;(10, 6);CP_known;1;869
;(10, 6);MoveEast;(10, 6);CP_known;1;870
MoveWest;(9, 6);MoveEast;(10, 6);CP_known;1;871
;(9, 6);MoveEast;(10, 6);CP_known;1;872
;(9, 6);MoveEast;(10, 6);CP_known;1;873
;(9, 6);MoveEast;(10, 6);CP_known;1;874
;(9, 6);MoveEast;(10, 6);CP_known;1;875
;(9, 6);MoveEast;(10, 6);CP_known;1;876
;(9, 6);MoveEast;(10, 6);CP_known;1;877
;(9, 6);MoveEast;(10, 6);CP_known;1;878
;(9, 6);MoveEast;(11, 6);CP_known;1;879
;(9, 6);MoveEast;(11, 6);CP_known;1;880
MoveWest;(8, 6);MoveEast;(11, 6);CP_known;1;881
MoveWest;(7, 6);MoveEast;(11, 6);CP_known;1;882
;(7, 6);MoveEast;(11, 6);CP_known;1;883
;(7, 6);MoveEast;(11, 6);CP_known;1;884
;(7, 6);MoveEast;(11, 6);CP_known;1;885
;(7, 6);MoveEast;(11, 6);CP_known;1;886
;(7, 6);MoveEast;(11, 6);CP_known;1;887
;(7, 6);MoveEast;(11, 6);CP_known;1;888
MoveSouth;(7, 7);MoveEast;(11, 6);CP_known;1;889
;(7, 7);MoveEast;(12, 6);CP_known;1;890
;(7, 7);MoveEast;(12, 6);CP_known;1;891
;(7, 7);MoveEast;(12, 6);CP_known;1;892
;(7, 7);MoveEast;(12, 6);CP_known;1;893
;(7, 7);MoveEast;(12, 6);CP_known;1;894
;(7, 7);MoveEast;(12, 6);CP_known;1;895
;(7, 7);MoveEast;(12, 6);CP_known;1;896
;(7, 7);MoveEast;(12, 6);CP_known;1;897
;(7, 7);MoveEast;(12, 6);CP_known;1;898
;(7, 7);MoveEast;(12, 6);CP_known;1;899
;(7, 7);MoveEast;(12, 6);CP_known;1;900
;(7, 7);MoveEast;(13, 6);CP_known;1;901
;(7, 7);MoveEast;(13, 6);CP_known;1;902
;(7, 7);MoveEast;(13, 6);CP_known;1;903
;(7, 7);MoveEast;(13, 6);CP_known;1;904
;(7, 7);MoveEast;(13, 6);CP_known;1;905
;(7, 7);MoveEast;(13, 6);CP_known;1;906
;(7, 7);MoveEast;(13, 6);CP_known;1;907
;(7, 7);MoveEast;(13, 6);CP_known;1;908
;(7, 7);MoveEast;(13, 6);CP_known;1;909
GrabObject;(7, 7);MoveEast;(13, 6);CP_known;1;910
;(7, 7);MoveEast;(13, 6);CP_known;1;911
;(7, 7);MoveEast;(14, 6);CP_known;1;912
;(7, 7);MoveEast;(14, 6);CP_known;1;913
;(7, 7);MoveEast;(14, 6);CP_known;1;914
;(7, 7);MoveEast;(14, 6);CP_known;1;915
;(7, 7);MoveEast;(14, 6);CP_known;1;916
;(7, 7);MoveEast;(14, 6);CP_known;1;917
;(7, 7);MoveEast;(14, 6);CP_known;1;918
;(7, 7);MoveEast;(14, 6);CP_known;1;919
;(7, 7);MoveEast;(14, 6);CP_known;1;920
;(7, 7);MoveEast;(14, 6);CP_known;1;921
;(7, 7);MoveEast;(14, 6);CP_known;1;922
;(7, 7);MoveEast;(15, 6);CP_known;1;923
;(7, 7);MoveEast;(15, 6);CP_known;1;924
;(7, 7);MoveEast;(15, 6);CP_known;1;925
;(7, 7);MoveEast;(15, 6);CP_known;1;926
;(7, 7);MoveEast;(15, 6);CP_known;1;927
;(7, 7);MoveEast;(15, 6);CP_known;1;928
;(7, 7);MoveEast;(15, 6);CP_known;1;929
;(7, 7);MoveEast;(15, 6);CP_known;1;930
;(7, 7);MoveEast;(15, 6);CP_known;1;931
;(7, 7);MoveEast;(15, 6);CP_known;1;932
;(7, 7);MoveEast;(15, 6);CP_known;1;933
;(7, 7);MoveEast;(16, 6);CP_known;1;934
;(7, 7);MoveEast;(16, 6);CP_known;1;935
;(7, 7);MoveEast;(16, 6);CP_known;1;936
;(7, 7);MoveEast;(16, 6);CP_known;1;937
;(7, 7);MoveEast;(16, 6);CP_known;1;938
;(7, 7);MoveEast;(16, 6);CP_known;1;939
;(7, 7);MoveEast;(16, 6);CP_known;1;940
;(7, 7);MoveEast;(16, 6);CP_known;1;941
;(7, 7);MoveEast;(16, 6);CP_known;1;942
;(7, 7);MoveEast;(16, 6);CP_known;1;943
;(7, 7);MoveEast;(16, 6);CP_known;1;944
;(7, 7);MoveEast;(17, 6);CP_known;1;945
;(7, 7);MoveEast;(17, 6);CP_known;1;946
;(7, 7);MoveEast;(17, 6);CP_known;1;947
;(7, 7);MoveEast;(17, 6);CP_known;1;948
;(7, 7);MoveEast;(17, 6);CP_known;1;949
;(7, 7);MoveEast;(17, 6);CP_known;1;950
;(7, 7);MoveEast;(17, 6);CP_known;1;951
;(7, 7);MoveEast;(17, 6);CP_known;1;952
MoveSouth;(7, 8);MoveEast;(17, 6);CP_known;1;953
;(7, 8);MoveEast;(17, 6);CP_known;1;954
;(7, 8);MoveEast;(17, 6);CP_known;1;955
;(7, 8);MoveEast;(18, 6);CP_known;1;956
;(7, 8);DropLargeObject;(18, 6);CP_known;1;957
;(7, 8);DropLargeObject;(18, 6);CP_known;1;958
;(7, 8);DropLargeObject;(18, 6);CP_known;1;959
;(7, 8);DropLargeObject;(18, 6);CP_known;1;960
;(7, 8);DropLargeObject;(18, 6);CP_known;1;961
DropObject;(7, 8);DropLargeObject;(18, 6);CP_known;1;962
;(7, 8);DropLargeObject;(18, 6);CP_known;1;963
;(7, 8);DropLargeObject;(18, 6);CP_known;1;964
;(7, 8);DropLargeObject;(18, 6);CP_known;1;965
;(7, 8);DropLargeObject;(18, 6);CP_known;1;966
;(7, 8);DropLargeObject;(18, 6);CP_known;1;967
;(7, 8);;(18, 6);CP_known;1;968
;(7, 8);;(18, 6);CP_known;1;969
;(7, 8);;(18, 6);CP_known;1;970
GrabObject;(7, 8);MoveWest;(18, 6);CP_known;1;971
;(7, 8);MoveWest;(18, 6);CP_known;1;972
;(7, 8);MoveWest;(18, 6);CP_known;1;973
;(7, 8);MoveWest;(18, 6);CP_known;1;974
;(7, 8);MoveWest;(18, 6);CP_known;1;975
;(7, 8);MoveWest;(18, 6);CP_known;1;976
;(7, 8);MoveWest;(18, 6);CP_known;1;977
;(7, 8);MoveWest;(18, 6);CP_known;1;978
MoveWest;(6, 8);MoveWest;(18, 6);CP_known;1;979
;(6, 8);MoveWest;(18, 6);CP_known;1;980
;(6, 8);MoveWest;(17, 6);CP_known;1;981
;(6, 8);MoveWest;(17, 6);CP_known;1;982
;(6, 8);MoveWest;(17, 6);CP_known;1;983
;(6, 8);MoveWest;(17, 6);CP_known;1;984
;(6, 8);MoveWest;(17, 6);CP_known;1;985
;(6, 8);MoveWest;(17, 6);CP_known;1;986
;(6, 8);MoveWest;(17, 6);CP_known;1;987
MoveSouth;(6, 9);MoveWest;(17, 6);CP_known;1;988
;(6, 9);MoveWest;(17, 6);CP_known;1;989
;(6, 9);MoveWest;(17, 6);CP_known;1;990
;(6, 9);MoveWest;(17, 6);CP_known;1;991
;(6, 9);MoveWest;(16, 6);CP_known;1;992
DropObject;(6, 9);MoveWest;(16, 6);CP_known;1;993
;(6, 9);MoveWest;(16, 6);CP_known;1;994
;(6, 9);MoveWest;(16, 6);CP_known;1;995
;(6, 9);MoveWest;(16, 6);CP_known;1;996
;(6, 9);MoveWest;(16, 6);CP_known;1;997
;(6, 9);MoveWest;(16, 6);CP_known;1;998
;(6, 9);MoveWest;(16, 6);CP_known;1;999
;(6, 9);MoveWest;(16, 6);CP_known;1;1000
MoveEast;(7, 9);MoveWest;(16, 6);CP_known;1;1001
;(7, 9);MoveWest;(16, 6);CP_known;1;1002
;(7, 9);MoveWest;(15, 6);CP_known;1;1003
;(7, 9);MoveWest;(15, 6);CP_known;1;1004
;(7, 9);MoveWest;(15, 6);CP_known;1;1005
;(7, 9);MoveWest;(15, 6);CP_known;1;1006
;(7, 9);MoveWest;(15, 6);CP_known;1;1007
;(7, 9);MoveWest;(15, 6);CP_known;1;1008
;(7, 9);MoveWest;(15, 6);CP_known;1;1009
;(7, 9);MoveWest;(15, 6);CP_known;1;1010
MoveNorth;(7, 8);MoveWest;(15, 6);CP_known;1;1011
MoveWest;(6, 8);MoveWest;(15, 6);CP_known;1;1012
;(6, 8);MoveWest;(15, 6);CP_known;1;1013
;(6, 8);MoveWest;(14, 6);CP_known;1;1014
;(6, 8);MoveWest;(14, 6);CP_known;1;1015
;(6, 8);MoveWest;(14, 6);CP_known;1;1016
;(6, 8);MoveWest;(14, 6);CP_known;1;1017
;(6, 8);MoveWest;(14, 6);CP_known;1;1018
;(6, 8);MoveWest;(14, 6);CP_known;1;1019
;(6, 8);MoveWest;(14, 6);CP_known;1;1020
;(6, 8);MoveWest;(14, 6);CP_known;1;1021
;(6, 8);MoveWest;(14, 6);CP_known;1;1022
;(6, 8);MoveWest;(14, 6);CP_known;1;1023
;(6, 8);MoveWest;(14, 6);CP_known;1;1024
;(6, 8);MoveWest;(13, 6);CP_known;1;1025
;(6, 8);MoveWest;(13, 6);CP_known;1;1026
;(6, 8);MoveWest;(13, 6);CP_known;1;1027
;(6, 8);MoveWest;(13, 6);CP_known;1;1028
MoveSouth;(6, 9);MoveWest;(13, 6);CP_known;1;1029
;(6, 9);MoveWest;(13, 6);CP_known;1;1030
;(6, 9);MoveWest;(13, 6);CP_known;1;1031
;(6, 9);MoveWest;(13, 6);CP_known;1;1032
;(6, 9);MoveWest;(13, 6);CP_known;1;1033
;(6, 9);MoveWest;(13, 6);CP_known;1;1034
;(6, 9);MoveWest;(13, 6);CP_known;1;1035
;(6, 9);MoveWest;(12, 6);CP_known;1;1036
;(6, 9);MoveWest;(12, 6);CP_known;1;1037
;(6, 9);MoveWest;(12, 6);CP_known;1;1038
;(6, 9);MoveWest;(12, 6);CP_known;1;1039
;(6, 9);MoveWest;(12, 6);CP_known;1;1040
;(6, 9);MoveWest;(12, 6);CP_known;1;1041
;(6, 9);MoveWest;(12, 6);CP_known;1;1042
;(6, 9);MoveWest;(12, 6);CP_known;1;1043
GrabObject;(6, 9);MoveWest;(12, 6);CP_known;1;1044
;(6, 9);MoveWest;(12, 6);CP_known;1;1045
;(6, 9);MoveWest;(12, 6);CP_known;1;1046
;(6, 9);MoveWest;(11, 6);CP_known;1;1047
;(6, 9);MoveWest;(11, 6);CP_known;1;1048
;(6, 9);MoveWest;(11, 6);CP_known;1;1049
;(6, 9);MoveWest;(11, 6);CP_known;1;1050
;(6, 9);MoveWest;(11, 6);CP_known;1;1051
;(6, 9);MoveWest;(11, 6);CP_known;1;1052
;(6, 9);MoveWest;(11, 6);CP_known;1;1053
;(6, 9);MoveWest;(11, 6);CP_known;1;1054
;(6, 9);MoveWest;(11, 6);CP_known;1;1055
MoveEast;(7, 9);MoveWest;(11, 6);CP_known;1;1056
;(7, 9);MoveWest;(11, 6);CP_known;1;1057
;(7, 9);MoveWest;(10, 6);CP_known;1;1058
;(7, 9);MoveWest;(10, 6);CP_known;1;1059
;(7, 9);MoveWest;(10, 6);CP_known;1;1060
;(7, 9);MoveWest;(10, 6);CP_known;1;1061
;(7, 9);MoveWest;(10, 6);CP_known;1;1062
;(7, 9);MoveWest;(10, 6);CP_known;1;1063
;(7, 9);MoveWest;(10, 6);CP_known;1;1064
MoveEast;(8, 9);MoveWest;(10, 6);CP_known;1;1065
MoveEast;(9, 9);MoveWest;(10, 6);CP_known;1;1066
MoveEast;(10, 9);MoveWest;(10, 6);CP_known;1;1067
MoveEast;(11, 9);MoveWest;(10, 6);CP_known;1;1068
MoveEast;(12, 9);MoveWest;(9, 6);CP_known;1;1069
MoveEast;(13, 9);MoveWest;(9, 6);CP_known;1;1070
MoveEast;(14, 9);MoveWest;(9, 6);CP_known;1;1071
MoveEast;(15, 9);MoveWest;(9, 6);CP_known;1;1072
MoveEast;(16, 9);MoveWest;(9, 6);CP_known;1;1073
MoveEast;(17, 9);MoveWest;(9, 6);CP_known;1;1074
MoveEast;(18, 9);MoveWest;(9, 6);CP_known;1;1075
MoveEast;(19, 9);MoveWest;(9, 6);CP_known;1;1076
;(19, 9);MoveWest;(9, 6);CP_known;1;1077
;(19, 9);MoveWest;(9, 6);CP_known;1;1078
DropObject;(19, 9);MoveWest;(9, 6);CP_known;1;1079
;(19, 9);MoveWest;(8, 6);CP_known;1;1080
;(19, 9);MoveSouthWest;(8, 6);CP_known;1;1081
;(19, 9);MoveSouthWest;(8, 6);CP_known;1;1082
;(19, 9);MoveSouthWest;(8, 6);CP_known;1;1083
;(19, 9);MoveSouthWest;(8, 6);CP_known;1;1084
;(19, 9);MoveSouthWest;(8, 6);CP_known;1;1085
;(19, 9);MoveSouthWest;(8, 6);CP_known;1;1086
;(19, 9);MoveSouthWest;(8, 6);CP_known;1;1087
;(19, 9);MoveSouthWest;(8, 6);CP_known;1;1088
;(19, 9);MoveSouthWest;(8, 6);CP_known;1;1089
;(19, 9);MoveSouthWest;(8, 6);CP_known;1;1090
;(19, 9);MoveSouthWest;(7, 7);CP_known;1;1091
MoveWest;(18, 9);GrabLargeObject;(7, 7);CP_known;1;1092
;(18, 9);GrabLargeObject;(7, 7);CP_known;1;1093
;(18, 9);GrabLargeObject;(7, 7);CP_known;1;1094
;(18, 9);GrabLargeObject;(7, 7);CP_known;1;1095
;(18, 9);GrabLargeObject;(7, 7);CP_known;1;1096
;(18, 9);GrabLargeObject;(7, 7);CP_known;1;1097
;(18, 9);GrabLargeObject;(7, 7);CP_known;1;1098
;(18, 9);GrabLargeObject;(7, 7);CP_known;1;1099
;(18, 9);GrabLargeObject;(7, 7);CP_known;1;1100
;(18, 9);GrabLargeObject;(7, 7);CP_known;1;1101
MoveWest;(17, 9);GrabLargeObject;(7, 7);CP_known;1;1102
MoveWest;(16, 9);;(7, 7);CP_known;1;1103
MoveWest;(15, 9);;(7, 7);False;1;1104
MoveWest;(14, 9);MoveWest;(7, 7);False;1;1105
MoveWest;(13, 9);MoveWest;(7, 7);False;1;1106
MoveWest;(12, 9);MoveWest;(7, 7);False;1;1107
MoveWest;(11, 9);MoveWest;(7, 7);False;1;1108
MoveWest;(10, 9);MoveWest;(7, 7);False;1;1109
;(10, 9);MoveWest;(7, 7);False;1;1110
;(10, 9);MoveWest;(7, 7);False;1;1111
;(10, 9);MoveWest;(7, 7);False;1;1112
;(10, 9);MoveWest;(7, 7);False;1;1113
;(10, 9);MoveWest;(7, 7);False;1;1114
;(10, 9);MoveWest;(6, 7);False;1;1115
;(10, 9);MoveWest;(6, 7);False;1;1116
;(10, 9);MoveWest;(6, 7);False;1;1117
;(10, 9);MoveWest;(6, 7);False;1;1118
;(10, 9);MoveWest;(6, 7);False;1;1119
;(10, 9);MoveWest;(6, 7);False;1;1120
;(10, 9);MoveWest;(6, 7);False;1;1121
;(10, 9);MoveWest;(6, 7);False;1;1122
;(10, 9);MoveWest;(6, 7);False;1;1123
;(10, 9);MoveWest;(6, 7);False;1;1124
;(10, 9);MoveWest;(6, 7);False;1;1125
;(10, 9);MoveWest;(5, 7);False;1;1126
MoveEast;(11, 9);MoveNorthWest;(5, 7);False;1;1127
;(11, 9);MoveNorthWest;(5, 7);False;1;1128
;(11, 9);MoveNorthWest;(5, 7);False;1;1129
;(11, 9);MoveNorthWest;(5, 7);False;1;1130
;(11, 9);MoveNorthWest;(5, 7);False;1;1131
;(11, 9);MoveNorthWest;(5, 7);False;1;1132
;(11, 9);MoveNorthWest;(5, 7);False;1;1133
;(11, 9);MoveNorthWest;(5, 7);False;1;1134
;(11, 9);MoveNorthWest;(5, 7);False;1;1135
;(11, 9);MoveNorthWest;(5, 7);False;1;1136
;(11, 9);MoveNorthWest;(4, 6);False;1;1137
;(11, 9);MoveWest;(4, 6);False;1;1138
;(11, 9);MoveWest;(4, 6);False;1;1139
;(11, 9);MoveWest;(4, 6);False;1;1140
;(11, 9);MoveWest;(4, 6);False;1;1141
;(11, 9);MoveWest;(4, 6);False;1;1142
;(11, 9);MoveWest;(4, 6);False;1;1143
;(11, 9);MoveWest;(4, 6);False;1;1144
;(11, 9);MoveWest;(4, 6);False;1;1145
;(11, 9);MoveWest;(4, 6);False;1;1146
MoveNorth;(11, 8);MoveWest;(4, 6);False;1;1147
;(11, 8);MoveWest;(3, 6);False;1;1148
;(11, 8);MoveNorthWest;(3, 6);False;1;1149
;(11, 8);MoveNorthWest;(3, 6);False;1;1150
;(11, 8);MoveNorthWest;(3, 6);False;1;1151
;(11, 8);MoveNorthWest;(3, 6);False;1;1152
;(11, 8);MoveNorthWest;(3, 6);False;1;1153
;(11, 8);MoveNorthWest;(3, 6);False;1;1154
;(11, 8);MoveNorthWest;(3, 6);False;1;1155
;(11, 8);MoveNorthWest;(3, 6);False;1;1156
;(11, 8);MoveNorthWest;(3, 6);False;1;1157
;(11, 8);MoveNorthWest;(3, 6);False;1;1158
MoveNorth;(11, 7);MoveNorthWest;(2, 5);False;1;1159
;(11, 7);MoveWest;(2, 5);False;1;1160
;(11, 7);MoveWest;(2, 5);False;1;1161
;(11, 7);MoveWest;(2, 5);False;1;1162
;(11, 7);MoveWest;(2, 5);False;1;1163
;(11, 7);MoveWest;(2, 5);False;1;1164
;(11, 7);MoveWest;(2, 5);False;1;1165
;(11, 7);MoveWest;(2, 5);False;1;1166
;(11, 7);MoveWest;(2, 5);False;1;1167
;(11, 7);MoveWest;(2, 5);False;1;1168
;(11, 7);MoveWest;(2, 5);False;1;1169
;(11, 7);MoveWest;(1, 5);False;1;1170
GrabObject;(11, 7);DropLargeObject;(1, 5);False;1;1171
;(11, 7);DropLargeObject;(1, 5);False;1;1172
;(11, 7);DropLargeObject;(1, 5);False;1;1173
;(11, 7);DropLargeObject;(1, 5);False;1;1174
;(11, 7);DropLargeObject;(1, 5);False;1;1175
;(11, 7);DropLargeObject;(1, 5);False;1;1176
;(11, 7);DropLargeObject;(1, 5);False;1;1177
;(11, 7);DropLargeObject;(1, 5);False;1;1178
;(11, 7);DropLargeObject;(1, 5);False;1;1179
MoveEast;(12, 7);DropLargeObject;(1, 5);False;1;1180
;(12, 7);DropLargeObject;(1, 5);False;1;1181
;(12, 7);;(1, 5);False;1;1182
;(12, 7);MoveEast;(1, 5);False;1;1183
;(12, 7);MoveEast;(1, 5);False;1;1184
;(12, 7);MoveEast;(1, 5);False;1;1185
;(12, 7);MoveEast;(1, 5);False;1;1186
;(12, 7);MoveEast;(1, 5);False;1;1187
MoveEast;(13, 7);MoveEast;(1, 5);False;1;1188
MoveEast;(14, 7);MoveEast;(1, 5);False;1;1189
MoveEast;(15, 7);MoveEast;(1, 5);False;1;1190
MoveEast;(16, 7);MoveEast;(1, 5);False;1;1191
MoveEast;(17, 7);MoveEast;(1, 5);False;1;1192
;(17, 7);MoveEast;(2, 5);False;1;1193
;(17, 7);MoveEast;(2, 5);False;1;1194
;(17, 7);MoveEast;(2, 5);False;1;1195
;(17, 7);MoveEast;(2, 5);False;1;1196
DropObject;(17, 7);MoveEast;(2, 5);False;1;1197
;(17, 7);MoveEast;(2, 5);False;1;1198
;(17, 7);MoveEast;(2, 5);False;1;1199
;(17, 7);MoveEast;(2, 5);False;1;1200
;(17, 7);MoveEast;(2, 5);False;1;1201
;(17, 7);MoveEast;(2, 5);False;1;1202
;(17, 7);MoveEast;(2, 5);False;1;1203
;(17, 7);MoveEast;(3, 5);False;1;1204
;(17, 7);MoveEast;(3, 5);False;1;1205
;(17, 7);MoveEast;(3, 5);False;1;1206
;(17, 7);MoveEast;(3, 5);False;1;1207
MoveWest;(16, 7);MoveEast;(3, 5);False;1;1208
;(16, 7);MoveEast;(3, 5);False;1;1209
;(16, 7);MoveEast;(3, 5);False;1;1210
;(16, 7);MoveEast;(3, 5);False;1;1211
;(16, 7);MoveEast;(3, 5);False;1;1212
;(16, 7);MoveEast;(3, 5);False;1;1213
;(16, 7);MoveEast;(3, 5);False;1;1214
MoveWest;(15, 7);MoveEast;(4, 5);False;1;1215
;(15, 7);MoveEast;(4, 5);False;1;1216
;(15, 7);MoveEast;(4, 5);False;1;1217
;(15, 7);MoveEast;(4, 5);False;1;1218
;(15, 7);MoveEast;(4, 5);False;1;1219
MoveWest;(14, 7);MoveEast;(4, 5);False;1;1220
;(14, 7);MoveEast;(4, 5);False;1;1221
;(14, 7);MoveEast;(4, 5);False;1;1222
;(14, 7);MoveEast;(4, 5);False;1;1223
;(14, 7);MoveEast;(4, 5);False;1;1224
;(14, 7);MoveEast;(4, 5);False;1;1225
;(14, 7);MoveEast;(5, 5);False;1;1226
;(14, 7);MoveEast;(5, 5);False;1;1227
;(14, 7);MoveEast;(5, 5);False;1;1228
;(14, 7);MoveEast;(5, 5);False;1;1229
;(14, 7);MoveEast;(5, 5);False;1;1230
;(14, 7);MoveEast;(5, 5);False;1;1231
;(14, 7);MoveEast;(5, 5);False;1;1232
MoveWest;(13, 7);MoveEast;(5, 5);False;1;1233
;(13, 7);MoveEast;(5, 5);False;1;1234
;(13, 7);MoveEast;(5, 5);False;1;1235
;(13, 7);MoveEast;(5, 5);False;1;1236
;(13, 7);MoveEast;(6, 5);False;1;1237
MoveWest;(12, 7);MoveEast;(6, 5);False;1;1238
;(12, 7);MoveEast;(6, 5);False;1;1239
;(12, 7);MoveEast;(6, 5);False;1;1240
;(12, 7);MoveEast;(6, 5);False;1;1241
MoveWest;(11, 7);MoveEast;(6, 5);False;1;1242
;(11, 7);MoveEast;(6, 5);False;1;1243
;(11, 7);MoveEast;(6, 5);False;1;1244
;(11, 7);MoveEast;(6, 5);False;1;1245
;(11, 7);MoveEast;(6, 5);False;1;1246
;(11, 7);MoveEast;(6, 5);False;1;1247
;(11, 7);MoveEast;(7, 5);False;1;1248
;(11, 7);MoveEast;(7, 5);False;1;1249
;(11, 7);MoveEast;(7, 5);False;1;1250
;(11, 7);MoveEast;(7, 5);False;1;1251
;(11, 7);MoveEast;(7, 5);False;1;1252
;(11, 7);MoveEast;(7, 5);False;1;1253
GrabObject;(11, 7);MoveEast;(7, 5);False;1;1254
;(11, 7);MoveEast;(7, 5);False;1;1255
;(11, 7);MoveEast;(7, 5);False;1;1256
;(11, 7);MoveEast;(7, 5);False;1;1257
;(11, 7);MoveEast;(7, 5);False;1;1258
;(11, 7);MoveEast;(8, 5);False;1;1259
;(11, 7);MoveEast;(8, 5);False;1;1260
MoveEast;(12, 7);MoveEast;(8, 5);False;1;1261
;(12, 7);MoveEast;(8, 5);False;1;1262
;(12, 7);MoveEast;(8, 5);False;1;1263
;(12, 7);MoveEast;(8, 5);False;1;1264
;(12, 7);MoveEast;(8, 5);False;1;1265
;(12, 7);MoveEast;(8, 5);False;1;1266
;(12, 7);MoveEast;(8, 5);False;1;1267
;(12, 7);MoveEast;(8, 5);False;1;1268
;(12, 7);MoveEast;(8, 5);False;1;1269
MoveEast;(13, 7);MoveEast;(9, 5);False;1;1270
MoveEast;(14, 7);MoveEast;(9, 5);False;1;1271
MoveEast;(15, 7);MoveEast;(9, 5);False;1;1272
MoveEast;(16, 7);MoveEast;(9, 5);False;1;1273
MoveEast;(17, 7);MoveEast;(9, 5);False;1;1274
MoveEast;(18, 7);MoveEast;(9, 5);False;1;1275
MoveEast;(19, 7);MoveEast;(9, 5);False;1;1276
MoveEast;(19, 7);MoveEast;(9, 5);False;1;1277
MoveEast;(19, 7);MoveEast;(9, 5);False;1;1278
MoveEast;(19, 7);MoveEast;(9, 5);False;1;1279
;(19, 7);MoveEast;(9, 5);False;1;1280
;(19, 7);MoveEast;(10, 5);False;1;1281
DropObject;(19, 7);MoveEast;(10, 5);False;1;1282
;(19, 7);MoveEast;(10, 5);False;1;1283
;(19, 7);MoveEast;(10, 5);False;1;1284
;(19, 7);MoveEast;(10, 5);False;1;1285
;(19, 7);MoveEast;(10, 5);False;1;1286
;(19, 7);MoveEast;(10, 5);False;1;1287
;(19, 7);MoveEast;(10, 5);False;1;1288
;(19, 7);MoveEast;(10, 5);False;1;1289
;(19, 7);MoveEast;(10, 5);False;1;1290
;(19, 7);MoveEast;(10, 5);False;1;1291
;(19, 7);MoveEast;(11, 5);False;1;1292
;(19, 7);MoveEast;(11, 5);False;1;1293
MoveWest;(18, 7);MoveEast;(11, 5);False;1;1294
;(18, 7);MoveEast;(11, 5);False;1;1295
;(18, 7);MoveEast;(11, 5);False;1;1296
;(18, 7);MoveEast;(11, 5);False;1;1297
MoveWest;(17, 7);MoveEast;(11, 5);False;1;1298
;(17, 7);MoveEast;(11, 5);False;1;1299
;(17, 7);MoveEast;(11, 5);False;1;1300
MoveWest;(16, 7);MoveEast;(11, 5);False;1;1301
;(16, 7);MoveEast;(11, 5);False;1;1302
;(16, 7);MoveEast;(12, 5);False;1;1303
;(16, 7);GrabObject;(12, 5);False;1;1304
MoveWest;(15, 7);GrabObject;(12, 5);False;1;1305
;(15, 7);GrabObject;(12, 5);False;1;1306
;(15, 7);GrabObject;(12, 5);False;1;1307
MoveWest;(14, 7);GrabObject;(12, 5);False;1;1308
;(14, 7);GrabObject;(12, 5);False;1;1309
;(14, 7);GrabObject;(12, 5);False;1;1310
MoveWest;(13, 7);GrabObject;(12, 5);False;1;1311
;(13, 7);GrabObject;(12, 5);False;1;1312
;(13, 7);GrabObject;(12, 5);False;1;1313
MoveWest;(12, 7);GrabObject;(12, 5);False;1;1314
;(12, 7);;(12, 5);False;1;1315
MoveWest;(11, 7);Idle;(12, 5);False;1;1316
;(11, 7);Idle;(12, 5);False;1;1317
;(11, 7);Idle;(12, 5);False;1;1318
;(11, 7);Idle;(12, 5);False;1;1319
;(11, 7);Idle;(12, 5);False;1;1320
;(11, 7);Idle;(12, 5);False;1;1321
;(11, 7);Idle;(12, 5);False;1;1322
;(11, 7);Idle;(12, 5);False;1;1323
GrabObject;(11, 7);Idle;(12, 5);False;1;1324
;(11, 7);Idle;(12, 5);False;1;1325
;(11, 7);Idle;(12, 5);False;1;1326
;(11, 7);Idle;(12, 5);False;1;1327
;(11, 7);Idle;(12, 5);False;1;1328
;(11, 7);Idle;(12, 5);False;1;1329
MoveEast;(12, 7);Idle;(12, 5);False;1;1330
;(12, 7);Idle;(12, 5);False;1;1331
;(12, 7);Idle;(12, 5);False;1;1332
;(12, 7);Idle;(12, 5);False;1;1333
;(12, 7);Idle;(12, 5);False;1;1334
;(12, 7);Idle;(12, 5);False;1;1335
;(12, 7);Idle;(12, 5);False;1;1336
;(12, 7);Idle;(12, 5);False;1;1337
;(12, 7);Idle;(12, 5);False;1;1338
;(12, 7);Idle;(12, 5);False;1;1339
MoveEast;(13, 7);Idle;(12, 5);False;1;1340
;(13, 7);Idle;(12, 5);False;1;1341
;(13, 7);Idle;(12, 5);False;1;1342
;(13, 7);Idle;(12, 5);False;1;1343
;(13, 7);Idle;(12, 5);False;1;1344
;(13, 7);Idle;(12, 5);False;1;1345
;(13, 7);Idle;(12, 5);False;1;1346
;(13, 7);Idle;(12, 5);False;1;1347
;(13, 7);Idle;(12, 5);False;1;1348
;(13, 7);Idle;(12, 5);False;1;1349
;(13, 7);Idle;(12, 5);False;1;1350
MoveEast;(14, 7);Idle;(12, 5);False;1;1351
MoveEast;(15, 7);Idle;(12, 5);False;1;1352
MoveEast;(16, 7);Idle;(12, 5);False;1;1353
MoveEast;(17, 7);Idle;(12, 5);False;1;1354
;(17, 7);Idle;(12, 5);False;1;1355
DropObject;(17, 7);Idle;(12, 5);False;1;1356
;(17, 7);Idle;(12, 5);False;1;1357
;(17, 7);Idle;(12, 5);False;1;1358
;(17, 7);Idle;(12, 5);False;1;1359
;(17, 7);Idle;(12, 5);False;1;1360
;(17, 7);Idle;(12, 5);False;1;1361
;(17, 7);Idle;(12, 5);False;1;1362
;(17, 7);Idle;(12, 5);False;1;1363
;(17, 7);Idle;(12, 5);False;1;1364
;(17, 7);Idle;(12, 5);False;1;1365
;(17, 7);Idle;(12, 5);False;1;1366
MoveWest;(16, 7);Idle;(12, 5);False;1;1367
;(16, 7);Idle;(12, 5);False;1;1368
;(16, 7);Idle;(12, 5);False;1;1369
;(16, 7);Idle;(12, 5);False;1;1370
;(16, 7);;(12, 5);False;1;1371
MoveWest;(15, 7);Idle;(12, 5);False;1;1372
;(15, 7);Idle;(12, 5);False;1;1373
;(15, 7);Idle;(12, 5);False;1;1374
MoveWest;(14, 7);Idle;(12, 5);False;1;1375
;(14, 7);Idle;(12, 5);False;1;1376
;(14, 7);Idle;(12, 5);False;1;1377
MoveWest;(13, 7);Idle;(12, 5);False;1;1378
;(13, 7);Idle;(12, 5);False;1;1379
;(13, 7);Idle;(12, 5);False;1;1380
MoveWest;(12, 7);Idle;(12, 5);False;1;1381
;(12, 7);Idle;(12, 5);False;1;1382
;(12, 7);Idle;(12, 5);False;1;1383
MoveWest;(11, 7);Idle;(12, 5);False;1;1384
;(11, 7);Idle;(12, 5);False;1;1385
;(11, 7);Idle;(12, 5);False;1;1386
;(11, 7);Idle;(12, 5);False;1;1387
GrabObject;(11, 7);Idle;(12, 5);False;1;1388
;(11, 7);Idle;(12, 5);False;1;1389
;(11, 7);Idle;(12, 5);False;1;1390
;(11, 7);Idle;(12, 5);False;1;1391
;(11, 7);Idle;(12, 5);False;1;1392
;(11, 7);Idle;(12, 5);False;1;1393
;(11, 7);Idle;(12, 5);False;1;1394
;(11, 7);Idle;(12, 5);False;1;1395
;(11, 7);Idle;(12, 5);False;1;1396
;(11, 7);Idle;(12, 5);False;1;1397
;(11, 7);Idle;(12, 5);False;1;1398
;(11, 7);Idle;(12, 5);False;1;1399
MoveEast;(12, 7);Idle;(12, 5);False;1;1400
;(12, 7);Idle;(12, 5);False;1;1401
;(12, 7);Idle;(12, 5);False;1;1402
;(12, 7);Idle;(12, 5);False;1;1403
;(12, 7);Idle;(12, 5);False;1;1404
;(12, 7);Idle;(12, 5);False;1;1405
;(12, 7);Idle;(12, 5);False;1;1406
;(12, 7);Idle;(12, 5);False;1;1407
;(12, 7);Idle;(12, 5);False;1;1408
MoveEast;(13, 7);Idle;(12, 5);False;1;1409
MoveEast;(14, 7);Idle;(12, 5);False;1;1410
MoveEast;(15, 7);Idle;(12, 5);False;1;1411
MoveEast;(16, 7);Idle;(12, 5);False;1;1412
MoveEast;(17, 7);Idle;(12, 5);False;1;1413
MoveEast;(18, 7);Idle;(12, 5);False;1;1414
MoveEast;(19, 7);Idle;(12, 5);False;1;1415
MoveEast;(19, 7);Idle;(12, 5);False;1;1416
;(19, 7);Idle;(12, 5);False;1;1417
;(19, 7);Idle;(12, 5);False;1;1418
;(19, 7);Idle;(12, 5);False;1;1419
;(19, 7);Idle;(12, 5);False;1;1420
;(19, 7);Idle;(12, 5);False;1;1421
DropObject;(19, 7);Idle;(12, 5);False;1;1422
;(19, 7);Idle;(12, 5);False;1;1423
;(19, 7);Idle;(12, 5);False;1;1424
;(19, 7);Idle;(12, 5);False;1;1425
;(19, 7);Idle;(12, 5);False;1;1426
;(19, 7);;(12, 5);False;1;1427
;(19, 7);Idle;(12, 5);False;1;1428
;(19, 7);Idle;(12, 5);False;1;1429
MoveWest;(18, 7);Idle;(12, 5);False;1;1430
;(18, 7);Idle;(12, 5);False;1;1431
;(18, 7);Idle;(12, 5);False;1;1432
;(18, 7);Idle;(12, 5);False;1;1433
MoveWest;(17, 7);Idle;(12, 5);False;1;1434
;(17, 7);Idle;(12, 5);False;1;1435
;(17, 7);Idle;(12, 5);False;1;1436
;(17, 7);Idle;(12, 5);False;1;1437
MoveWest;(16, 7);Idle;(12, 5);False;1;1438
;(16, 7);Idle;(12, 5);False;1;1439
;(16, 7);Idle;(12, 5);False;1;1440
MoveWest;(15, 7);Idle;(12, 5);False;1;1441
;(15, 7);Idle;(12, 5);False;1;1442
;(15, 7);Idle;(12, 5);False;1;1443
MoveWest;(14, 7);Idle;(12, 5);False;1;1444
;(14, 7);Idle;(12, 5);False;1;1445
;(14, 7);Idle;(12, 5);False;1;1446
;(14, 7);Idle;(12, 5);False;1;1447
MoveWest;(13, 7);Idle;(12, 5);False;1;1448
MoveWest;(12, 7);Idle;(12, 5);False;1;1449
;(12, 7);Idle;(12, 5);False;1;1450
;(12, 7);Idle;(12, 5);False;1;1451
;(12, 7);Idle;(12, 5);False;1;1452
;(12, 7);Idle;(12, 5);False;1;1453
;(12, 7);Idle;(12, 5);False;1;1454
GrabObject;(12, 7);Idle;(12, 5);False;1;1455
;(12, 7);Idle;(12, 5);False;1;1456
;(12, 7);Idle;(12, 5);False;1;1457
;(12, 7);Idle;(12, 5);False;1;1458
;(12, 7);Idle;(12, 5);False;1;1459
;(12, 7);Idle;(12, 5);False;1;1460
;(12, 7);;(12, 5);False;1;1461
MoveEast;(13, 7);;(12, 5);CP_known;1;1462
;(13, 7);;(12, 5);CP_known;1;1463
;(13, 7);MoveEast;(12, 5);CP_known;1;1464
;(13, 7);MoveEast;(12, 5);CP_known;1;1465
;(13, 7);MoveEast;(12, 5);CP_known;1;1466
;(13, 7);MoveEast;(12, 5);CP_known;1;1467
;(13, 7);MoveEast;(12, 5);CP_known;1;1468
;(13, 7);MoveEast;(12, 5);CP_known;1;1469
;(13, 7);MoveEast;(12, 5);CP_known;1;1470
;(13, 7);MoveEast;(12, 5);CP_known;1;1471
;(13, 7);MoveEast;(12, 5);CP_known;1;1472
;(13, 7);MoveEast;(12, 5);CP_known;1;1473
;(13, 7);MoveEast;(13, 5);CP_known;1;1474
;(13, 7);MoveEast;(13, 5);CP_known;1;1475
;(13, 7);MoveEast;(13, 5);CP_known;1;1476
;(13, 7);MoveEast;(13, 5);CP_known;1;1477
;(13, 7);MoveEast;(13, 5);CP_known;1;1478
MoveEast;(14, 7);MoveEast;(13, 5);CP_known;1;1479
;(14, 7);MoveEast;(13, 5);CP_known;1;1480
;(14, 7);MoveEast;(13, 5);CP_known;1;1481
;(14, 7);MoveEast;(13, 5);CP_known;1;1482
;(14, 7);MoveEast;(13, 5);CP_known;1;1483
MoveEast;(15, 7);MoveEast;(13, 5);CP_known;1;1484
;(15, 7);MoveEast;(14, 5);CP_known;1;1485
;(15, 7);MoveNorthEast;(14, 5);CP_known;1;1486
;(15, 7);MoveNorthEast;(14, 5);CP_known;1;1487
;(15, 7);MoveNorthEast;(14, 5);CP_known;1;1488
DropObject;(15, 7);MoveNorthEast;(14, 5);CP_known;1;1489
;(15, 7);MoveNorthEast;(14, 5);CP_known;1;1490
;(15, 7);MoveNorthEast;(14, 5);CP_known;1;1491
;(15, 7);MoveNorthEast;(14, 5);CP_known;1;1492
;(15, 7);MoveNorthEast;(14, 5);CP_known;1;1493
;(15, 7);MoveNorthEast;(14, 5);CP_known;1;1494
;(15, 7);MoveNorthEast;(14, 5);CP_known;1;1495
;(15, 7);MoveNorthEast;(15, 4);CP_known;1;1496
;(15, 7);MoveEast;(15, 4);CP_known;1;1497
;(15, 7);MoveEast;(15, 4);CP_known;1;1498
;(15, 7);MoveEast;(15, 4);CP_known;1;1499
;(15, 7);MoveEast;(15, 4);CP_known;1;1500
;(15, 7);MoveEast;(15, 4);CP_known;1;1501
;(15, 7);MoveEast;(15, 4);CP_known;1;1502
MoveWest;(14, 7);MoveEast;(15, 4);CP_known;1;1503
;(14, 7);MoveEast;(15, 4);CP_known;1;1504
;(14, 7);MoveEast;(15, 4);CP_known;1;1505
;(14, 7);MoveEast;(15, 4);CP_known;1;1506
;(14, 7);MoveEast;(16, 4);CP_known;1;1507
;(14, 7);MoveNorthEast;(16, 4);CP_known;1;1508
;(14, 7);MoveNorthEast;(16, 4);CP_known;1;1509
;(14, 7);MoveNorthEast;(16, 4);CP_known;1;1510
;(14, 7);MoveNorthEast;(16, 4);CP_known;1;1511
;(14, 7);MoveNorthEast;(16, 4);CP_known;1;1512
;(14, 7);MoveNorthEast;(16, 4);CP_known;1;1513
;(14, 7);MoveNorthEast;(16, 4);CP_known;1;1514
MoveWest;(13, 7);MoveNorthEast;(16, 4);CP_known;1;1515
;(13, 7);MoveNorthEast;(16, 4);CP_known;1;1516
;(13, 7);MoveNorthEast;(16, 4);CP_known;1;1517
;(13, 7);MoveNorthEast;(17, 3);CP_known;1;1518
;(13, 7);MoveEast;(17, 3);CP_known;1;1519
;(13, 7);MoveEast;(17, 3);CP_known;1;1520
;(13, 7);MoveEast;(17, 3);CP_known;1;1521
;(13, 7);MoveEast;(17, 3);CP_known;1;1522
;(13, 7);MoveEast;(17, 3);CP_known;1;1523
;(13, 7);MoveEast;(17, 3);CP_known;1;1524
MoveWest;(12, 7);MoveEast;(17, 3);CP_known;1;1525
;(12, 7);MoveEast;(17, 3);CP_known;1;1526
;(12, 7);MoveEast;(17, 3);CP_known;1;1527
;(12, 7);MoveEast;(17, 3);CP_known;1;1528
;(12, 7);MoveEast;(18, 3);CP_known;1;1529
;(12, 7);DropObject;(18, 3);CP_known;1;1530
;(12, 7);DropObject;(18, 3);CP_known;1;1531
;(12, 7);DropObject;(18, 3);CP_known;1;1532
MoveSouth;(12, 8);DropObject;(18, 3);CP_known;1;1533
;(12, 8);DropObject;(18, 3);CP_known;1;1534
;(12, 8);DropObject;(18, 3);CP_known;1;1535
;(12, 8);DropObject;(18, 3);CP_known;1;1536
;(12, 8);DropObject;(18, 3);CP_known;1;1537
;(12, 8);DropObject;(18, 3);CP_known;1;1538
;(12, 8);DropObject;(18, 3);CP_known;1;1539
;(12, 8);DropObject;(18, 3);CP_known;1;1540
;(12, 8);;(18, 3);CP_known;1;1541
;(12, 8);;(18, 3);CP_known;1;1542
GrabObject;(12, 8);MoveSouthWest;(18, 3);CP_known;1;1543
;(12, 8);MoveSouthWest;(18, 3);CP_known;1;1544
;(12, 8);MoveSouthWest;(18, 3);CP_known;1;1545
;(12, 8);MoveSouthWest;(18, 3);CP_known;1;1546
;(12, 8);MoveSouthWest;(18, 3);CP_known;1;1547
;(12, 8);MoveSouthWest;(18, 3);CP_known;1;1548
;(12, 8);MoveSouthWest;(18, 3);CP_known;1;1549
;(12, 8);MoveSouthWest;(18, 3);CP_known;1;1550
;(12, 8);MoveSouthWest;(18, 3);CP_known;1;1551
;(12, 8);MoveSouthWest;(18, 3);CP_known;1;1552
;(12, 8);MoveSouthWest;(17, 4);CP_known;1;1553
;(12, 8);MoveWest;(17, 4);CP_known;1;1554
;(12, 8);MoveWest;(17, 4);CP_known;1;1555
;(12, 8);MoveWest;(17, 4);CP_known;1;1556
;(12, 8);MoveWest;(17, 4);CP_known;1;1557
;(12, 8);MoveWest;(17, 4);CP_known;1;1558
;(12, 8);MoveWest;(17, 4);CP_known;1;1559
;(12, 8);MoveWest;(17, 4);CP_known;1;1560
;(12, 8);MoveWest;(17, 4);CP_known;1;1561
;(12, 8);MoveWest;(17, 4);CP_known;1;1562
;(12, 8);MoveWest;(17, 4);CP_known;1;1563
;(12, 8);MoveWest;(16, 4);CP_known;1;1564
;(12, 8);MoveSouthWest;(16, 4);CP_known;1;1565
;(12, 8);MoveSouthWest;(16, 4);CP_known;1;1566
GrabObject;(12, 8);MoveSouthWest;(16, 4);CP_known;1;1567
;(12, 8);MoveSouthWest;(16, 4);CP_known;1;1568
;(12, 8);MoveSouthWest;(16, 4);CP_known;1;1569
;(12, 8);MoveSouthWest;(16, 4);CP_known;1;1570
;(12, 8);MoveSouthWest;(16, 4);CP_known;1;1571
;(12, 8);MoveSouthWest;(16, 4);CP_known;1;1572
;(12, 8);MoveSouthWest;(16, 4);CP_known;1;1573
;(12, 8);MoveSouthWest;(16, 4);CP_known;1;1574
;(12, 8);MoveSouthWest;(15, 5);CP_known;1;1575
MoveWest;(11, 8);MoveSouthWest;(15, 5);CP_known;1;1576
;(11, 8);MoveSouthWest;(15, 5);CP_known;1;1577
;(11, 8);MoveSouthWest;(15, 5);CP_known;1;1578
;(11, 8);MoveSouthWest;(15, 5);CP_known;1;1579
;(11, 8);MoveSouthWest;(15, 5);CP_known;1;1580
;(11, 8);MoveSouthWest;(15, 5);CP_known;1;1581
;(11, 8);MoveSouthWest;(15, 5);CP_known;1;1582
;(11, 8);MoveSouthWest;(15, 5);CP_known;1;1583
;(11, 8);MoveSouthWest;(15, 5);CP_known;1;1584
;(11, 8);MoveSouthWest;(15, 5);CP_known;1;1585
;(11, 8);MoveSouthWest;(14, 6);CP_known;1;1586
MoveWest;(10, 8);MoveSouthWest;(14, 6);CP_known;1;1587
;(10, 8);MoveSouthWest;(14, 6);CP_known;1;1588
;(10, 8);MoveSouthWest;(14, 6);CP_known;1;1589
;(10, 8);MoveSouthWest;(14, 6);CP_known;1;1590
;(10, 8);MoveSouthWest;(14, 6);CP_known;1;1591
;(10, 8);MoveSouthWest;(14, 6);CP_known;1;1592
;(10, 8);MoveSouthWest;(14, 6);CP_known;1;1593
;(10, 8);MoveSouthWest;(14, 6);CP_known;1;1594
;(10, 8);MoveSouthWest;(14, 6);CP_known;1;1595
;(10, 8);MoveSouthWest;(14, 6);CP_known;1;1596
;(10, 8);MoveSouthWest;(13, 7);CP_known;1;1597
;(10, 8);MoveWest;(13, 7);CP_known;1;1598
;(10, 8);MoveWest;(13, 7);CP_known;1;1599
MoveSouth;(10, 9);MoveWest;(13, 7);CP_known;1;1600
;(10, 9);MoveWest;(13, 7);CP_known;1;1601
;(10, 9);MoveWest;(13, 7);CP_known;1;1602
;(10, 9);MoveWest;(13, 7);CP_known;1;1603
;(10, 9);MoveWest;(13, 7);CP_known;1;1604
;(10, 9);MoveWest;(13, 7);CP_known;1;1605
;(10, 9);MoveWest;(13, 7);CP_known;1;1606
;(10, 9);MoveWest;(13, 7);CP_known;1;1607
;(10, 9);MoveWest;(12, 7);CP_known;1;1608
;(10, 9);MoveWest;(12, 7);CP_known;1;1609
;(10, 9);MoveWest;(12, 7);CP_known;1;1610
GrabObject;(10, 9);MoveWest;(12, 7);CP_known;1;1611
;(10, 9);MoveWest;(12, 7);CP_known;1;1612
;(10, 9);MoveWest;(12, 7);CP_known;1;1613
;(10, 9);MoveWest;(12, 7);CP_known;1;1614
;(10, 9);MoveWest;(12, 7);CP_known;1;1615
;(10, 9);MoveWest;(12, 7);CP_known;1;1616
MoveEast;(11, 9);MoveWest;(12, 7);CP_known;1;1617
;(11, 9);MoveWest;(12, 7);CP_known;1;1618
;(11, 9);MoveWest;(11, 7);CP_known;1;1619
;(11, 9);MoveSouthWest;(11, 7);CP_known;1;1620
;(11, 9);MoveSouthWest;(11, 7);CP_known;1;1621
;(11, 9);MoveSouthWest;(11, 7);CP_known;1;1622
;(11, 9);MoveSouthWest;(11, 7);CP_known;1;1623
MoveEast;(12, 9);MoveSouthWest;(11, 7);CP_known;1;1624
;(12, 9);MoveSouthWest;(11, 7);CP_known;1;1625
;(12, 9);MoveSouthWest;(11, 7);CP_known;1;1626
MoveEast;(13, 9);MoveSouthWest;(11, 7);CP_known;1;1627
;(13, 9);MoveSouthWest;(11, 7);CP_known;1;1628
;(13, 9);MoveSouthWest;(11, 7);CP_known;1;1629
;(13, 9);MoveSouthWest;(10, 8);CP_known;1;1630
;(13, 9);GrabLargeObject;(10, 8);CP_known;1;1631
MoveEast;(14, 9);GrabLargeObject;(10, 8);CP_known;1;1632
;(14, 9);GrabLargeObject;(10, 8);CP_known;1;1633
MoveEast;(15, 9);GrabLargeObject;(10, 8);CP_known;1;1634
;(15, 9);GrabLargeObject;(10, 8);CP_known;1;1635
;(15, 9);GrabLargeObject;(10, 8);CP_known;1;1636
;(15, 9);GrabLargeObject;(10, 8);CP_known;1;1637
MoveEast;(16, 9);GrabLargeObject;(10, 8);CP_known;1;1638
;(16, 9);GrabLargeObject;(10, 8);CP_known;1;1639
;(16, 9);GrabLargeObject;(10, 8);CP_known;1;1640
;(16, 9);GrabLargeObject;(10, 8);CP_known;1;1641
;(16, 9);;(10, 8);CP_known;1;1642
MoveEast;(17, 9);;(10, 8);CP_known;1;1643
;(17, 9);MoveEast;(10, 8);CP_known;1;1644
MoveEast;(18, 9);MoveEast;(10, 8);CP_known;1;1645
;(18, 9);MoveEast;(10, 8);CP_known;1;1646
DropObject;(18, 9);MoveEast;(10, 8);CP_known;1;1647
;(18, 9);MoveEast;(10, 8);CP_known;1;1648
;(18, 9);MoveEast;(10, 8);CP_known;1;1649
;(18, 9);MoveEast;(10, 8);CP_known;1;1650
;(18, 9);MoveEast;(10, 8);CP_known;1;1651
;(18, 9);MoveEast;(10, 8);CP_known;1;1652
;(18, 9);MoveEast;(10, 8);CP_known;1;1653
;(18, 9);MoveEast;(11, 8);CP_known;1;1654
;(18, 9);MoveEast;(11, 8);CP_known;1;1655
;(18, 9);MoveEast;(11, 8);CP_known;1;1656
;(18, 9);MoveEast;(11, 8);CP_known;1;1657
MoveWest;(17, 9);MoveEast;(11, 8);CP_known;1;1658
;(17, 9);MoveEast;(11, 8);CP_known;1;1659
;(17, 9);MoveEast;(11, 8);CP_known;1;1660
;(17, 9);MoveEast;(11, 8);CP_known;1;1661
;(17, 9);MoveEast;(11, 8);CP_known;1;1662
;(17, 9);MoveEast;(11, 8);CP_known;1;1663
;(17, 9);MoveEast;(11, 8);CP_known;1;1664
;(17, 9);MoveEast;(12, 8);CP_known;1;1665
;(17, 9);MoveEast;(12, 8);CP_known;1;1666
;(17, 9);MoveEast;(12, 8);CP_known;1;1667
MoveWest;(16, 9);MoveEast;(12, 8);CP_known;1;1668
MoveWest;(15, 9);MoveEast;(12, 8);CP_known;1;1669
MoveWest;(14, 9);MoveEast;(12, 8);CP_known;1;1670
MoveWest;(13, 9);MoveEast;(12, 8);CP_known;1;1671
;(13, 9);MoveEast;(12, 8);CP_known;1;1672
;(13, 9);MoveEast;(12, 8);CP_known;1;1673
;(13, 9);MoveEast;(12, 8);CP_known;1;1674
;(13, 9);MoveEast;(12, 8);CP_known;1;1675
;(13, 9);MoveEast;(13, 8);CP_known;1;1676
MoveWest;(12, 9);MoveEast;(13, 8);CP_known;1;1677
;(12, 9);MoveEast;(13, 8);CP_known;1;1678
;(12, 9);MoveEast;(13, 8);CP_known;1;1679
;(12, 9);MoveEast;(13, 8);CP_known;1;1680
;(12, 9);MoveEast;(13, 8);CP_known;1;1681
MoveWest;(11, 9);MoveEast;(13, 8);CP_known;1;1682
;(11, 9);MoveEast;(13, 8);CP_known;1;1683
;(11, 9);MoveEast;(13, 8);CP_known;1;1684
;(11, 9);MoveEast;(13, 8);CP_known;1;1685
;(11, 9);MoveEast;(13, 8);CP_known;1;1686
;(11, 9);MoveEast;(14, 8);CP_known;1;1687
MoveWest;(10, 9);MoveEast;(14, 8);CP_known;1;1688
;(10, 9);MoveEast;(14, 8);CP_known;1;1689
;(10, 9);MoveEast;(14, 8);CP_known;1;1690
;(10, 9);MoveEast;(14, 8);CP_known;1;1691
;(10, 9);MoveEast;(14, 8);CP_known;1;1692
;(10, 9);MoveEast;(14, 8);CP_known;1;1693
;(10, 9);MoveEast;(14, 8);CP_known;1;1694
;(10, 9);MoveEast;(14, 8);CP_known;1;1695
;(10, 9);MoveEast;(14, 8);CP_known;1;1696
;(10, 9);MoveEast;(14, 8);CP_known;1;1697
;(10, 9);MoveEast;(15, 8);CP_known;1;1698
;(10, 9);MoveEast;(15, 8);CP_known;1;1699
;(10, 9);MoveEast;(15, 8);CP_known;1;1700
;(10, 9);MoveEast;(15, 8);CP_known;1;1701
;(10, 9);MoveEast;(15, 8);CP_known;1;1702
MoveWest;(9, 9);MoveEast;(15, 8);CP_known;1;1703
;(9, 9);MoveEast;(15, 8);CP_known;1;1704
;(9, 9);MoveEast;(15, 8);CP_known;1;1705
;(9, 9);MoveEast;(15, 8);CP_known;1;1706
;(9, 9);MoveEast;(15, 8);CP_known;1;1707
MoveWest;(8, 9);MoveEast;(15, 8);CP_known;1;1708
;(8, 9);MoveEast;(16, 8);CP_known;1;1709
;(8, 9);MoveNorthEast;(16, 8);CP_known;1;1710
MoveWest;(7, 9);MoveNorthEast;(16, 8);CP_known;1;1711
;(7, 9);MoveNorthEast;(16, 8);CP_known;1;1712
;(7, 9);MoveNorthEast;(16, 8);CP_known;1;1713
MoveWest;(6, 9);MoveNorthEast;(16, 8);CP_known;1;1714
;(6, 9);MoveNorthEast;(16, 8);CP_known;1;1715
;(6, 9);MoveNorthEast;(16, 8);CP_known;1;1716
;(6, 9);MoveNorthEast;(16, 8);CP_known;1;1717
;(6, 9);MoveNorthEast;(16, 8);CP_known;1;1718
;(6, 9);MoveNorthEast;(16, 8);CP_known;1;1719
;(6, 9);MoveNorthEast;(17, 7);CP_known;1;1720
MoveSouth;(6, 10);MoveEast;(17, 7);CP_known;1;1721
;(6, 10);MoveEast;(17, 7);CP_known;1;1722
;(6, 10);MoveEast;(17, 7);CP_known;1;1723
;(6, 10);MoveEast;(17, 7);CP_known;1;1724
;(6, 10);MoveEast;(17, 7);CP_known;1;1725
;(6, 10);MoveEast;(17, 7);CP_known;1;1726
;(6, 10);MoveEast;(17, 7);CP_known;1;1727
;(6, 10);MoveEast;(17, 7);CP_known;1;1728
;(6, 10);MoveEast;(17, 7);CP_known;1;1729
;(6, 10);MoveEast;(17, 7);CP_known;1;1730
;(6, 10);MoveEast;(18, 7);CP_known;1;1731
DropObject;(6, 10);DropLargeObject;(18, 7);CP_known;1;1732
;(6, 10);DropLargeObject;(18, 7);CP_known;1;1733
;(6, 10);DropLargeObject;(18, 7);CP_known;1;1734
;(6, 10);DropLargeObject;(18, 7);CP_known;1;1735
;(6, 10);DropLargeObject;(18, 7);CP_known;1;1736
;(6, 10);DropLargeObject;(18, 7);CP_known;1;1737
;(6, 10);DropLargeObject;(18, 7);CP_known;1;1738
;(6, 10);DropLargeObject;(18, 7);CP_known;1;1739
;(6, 10);DropLargeObject;(18, 7);CP_known;1;1740
;(6, 10);DropLargeObject;(18, 7);CP_known;1;1741
;(6, 10);DropLargeObject;(18, 7);CP_known;1;1742
;(6, 10);;(18, 7);CP_known;1;1743
;(6, 10);;(18, 7);CP_known;1;1744
;(6, 10);;(18, 7);CP_known;1;1745
GrabObject;(6, 10);MoveWest;(18, 7);CP_known;1;1746
;(6, 10);MoveWest;(18, 7);CP_known;1;1747
;(6, 10);MoveWest;(18, 7);CP_known;1;1748
;(6, 10);MoveWest;(18, 7);CP_known;1;1749
;(6, 10);MoveWest;(18, 7);CP_known;1;1750
;(6, 10);MoveWest;(18, 7);CP_known;1;1751
MoveEast;(7, 10);MoveWest;(18, 7);CP_known;1;1752
;(7, 10);MoveWest;(18, 7);CP_known;1;1753
;(7, 10);MoveWest;(18, 7);CP_known;1;1754
;(7, 10);MoveWest;(18, 7);CP_known;1;1755
;(7, 10);MoveWest;(17, 7);CP_known;1;1756
;(7, 10);MoveWest;(17, 7);CP_known;1;1757
;(7, 10);MoveWest;(17, 7);CP_known;1;1758
;(7, 10);MoveWest;(17, 7);CP_known;1;1759
;(7, 10);MoveWest;(17, 7);CP_known;1;1760
;(7, 10);MoveWest;(17, 7);CP_known;1;1761
MoveEast;(8, 10);MoveWest;(17, 7);CP_known;1;1762
MoveEast;(9, 10);MoveWest;(17, 7);CP_known;1;1763
MoveEast;(10, 10);MoveWest;(17, 7);CP_known;1;1764
MoveEast;(11, 10);MoveWest;(17, 7);CP_known;1;1765
MoveEast;(12, 10);MoveWest;(17, 7);CP_known;1;1766
MoveEast;(13, 10);MoveWest;(16, 7);CP_known;1;1767
MoveEast;(14, 10);MoveWest;(16, 7);CP_known;1;1768
MoveEast;(15, 10);MoveWest;(16, 7);CP_known;1;1769
MoveEast;(16, 10);MoveWest;(16, 7);CP_known;1;1770
MoveEast;(17, 10);MoveWest;(16, 7);CP_known;1;1771
MoveEast;(18, 10);MoveWest;(16, 7);CP_known;1;1772
MoveEast;(19, 10);MoveWest;(16, 7);CP_known;1;1773
;(19, 10);MoveWest;(16, 7);CP_known;1;1774
;(19, 10);MoveWest;(16, 7);CP_known;1;1775
;(19, 10);MoveWest;(16, 7);CP_known;1;1776
DropObject;(19, 10);MoveWest;(16, 7);CP_known;1;1777
;(19, 10);MoveWest;(15, 7);CP_known;1;1778
;(19, 10);MoveSouthWest;(15, 7);CP_known;1;1779
;(19, 10);MoveSouthWest;(15, 7);CP_known;1;1780
;(19, 10);MoveSouthWest;(15, 7);CP_known;1;1781
;(19, 10);MoveSouthWest;(15, 7);CP_known;1;1782
;(19, 10);MoveSouthWest;(15, 7);CP_known;1;1783
;(19, 10);MoveSouthWest;(15, 7);CP_known;1;1784
;(19, 10);MoveSouthWest;(15, 7);CP_known;1;1785
MoveWest;(18, 10);MoveSouthWest;(15, 7);CP_known;1;1786
;(18, 10);MoveSouthWest;(15, 7);CP_known;1;1787
;(18, 10);MoveSouthWest;(15, 7);CP_known;1;1788
;(18, 10);MoveSouthWest;(14, 8);CP_known;1;1789
;(18, 10);MoveWest;(14, 8);CP_known;1;1790
;(18, 10);MoveWest;(14, 8);CP_known;1;1791
;(18, 10);MoveWest;(14, 8);CP_known;1;1792
;(18, 10);MoveWest;(14, 8);CP_known;1;1793
;(18, 10);MoveWest;(14, 8);CP_known;1;1794
;(18, 10);MoveWest;(14, 8);CP_known;1;1795
MoveWest;(17, 10);MoveWest;(14, 8);CP_known;1;1796
MoveWest;(16, 10);MoveWest;(14, 8);CP_known;1;1797
MoveWest;(15, 10);MoveWest;(14, 8);CP_known;1;1798
MoveWest;(14, 10);MoveWest;(14, 8);CP_known;1;1799
MoveWest;(13, 10);MoveWest;(13, 8);CP_known;1;1800
MoveWest;(12, 10);MoveWest;(13, 8);CP_known;1;1801
MoveWest;(11, 10);MoveWest;(13, 8);CP_known;1;1802
MoveWest;(10, 10);MoveWest;(13, 8);CP_known;1;1803
MoveWest;(9, 10);MoveWest;(13, 8);CP_known;1;1804
MoveWest;(8, 10);MoveWest;(13, 8);CP_known;1;1805
MoveWest;(7, 10);MoveWest;(13, 8);CP_known;1;1806
MoveWest;(6, 10);MoveWest;(13, 8);CP_known;1;1807
MoveWest;(5, 10);MoveWest;(13, 8);CP_known;1;1808
;(5, 10);MoveWest;(13, 8);CP_known;1;1809
;(5, 10);MoveWest;(13, 8);CP_known;1;1810
;(5, 10);MoveWest;(12, 8);CP_known;1;1811
MoveWest;(4, 10);MoveSouthWest;(12, 8);CP_known;1;1812
;(4, 10);MoveSouthWest;(12, 8);CP_known;1;1813
;(4, 10);MoveSouthWest;(12, 8);CP_known;1;1814
;(4, 10);MoveSouthWest;(12, 8);CP_known;1;1815
;(4, 10);MoveSouthWest;(12, 8);CP_known;1;1816
;(4, 10);MoveSouthWest;(12, 8);CP_known;1;1817
;(4, 10);MoveSouthWest;(12, 8);CP_known;1;1818
;(4, 10);MoveSouthWest;(12, 8);CP_known;1;1819
;(4, 10);MoveSouthWest;(12, 8);CP_known;1;1820
;(4, 10);MoveSouthWest;(12, 8);CP_known;1;1821
;(4, 10);MoveSouthWest;(11, 9);CP_known;1;1822
MoveEast;(5, 10);GrabLargeObject;(11, 9);CP_known;1;1823
;(5, 10);GrabLargeObject;(11, 9);CP_known;1;1824
;(5, 10);GrabLargeObject;(11, 9);CP_known;1;1825
;(5, 10);GrabLargeObject;(11, 9);CP_known;1;1826
;(5, 10);GrabLargeObject;(11, 9);CP_known;1;1827
;(5, 10);GrabLargeObject;(11, 9);CP_known;1;1828
;(5, 10);GrabLargeObject;(11, 9);CP_known;1;1829
;(5, 10);GrabLargeObject;(11, 9);CP_known;1;1830
;(5, 10);GrabLargeObject;(11, 9);CP_known;1;1831
;(5, 10);GrabLargeObject;(11, 9);CP_known;1;1832
;(5, 10);GrabLargeObject;(11, 9);CP_known;1;1833
GrabObject;(5, 10);;(11, 9);CP_known;1;1834
;(5, 10);;(11, 9);False;1;1835
;(5, 10);Idle;(11, 9);False;1;1836
;(5, 10);Idle;(11, 9);False;1;1837
;(5, 10);Idle;(11, 9);False;1;1838
;(5, 10);Idle;(11, 9);False;1;1839
;(5, 10);Idle;(11, 9);False;1;1840
;(5, 10);Idle;(11, 9);False;1;1841
;(5, 10);Idle;(11, 9);False;1;1842
;(5, 10);Idle;(11, 9);False;1;1843
MoveEast;(6, 10);Idle;(11, 9);False;1;1844
;(6, 10);Idle;(11, 9);False;1;1845
;(6, 10);Idle;(11, 9);False;1;1846
;(6, 10);Idle;(11, 9);False;1;1847
;(6, 10);Idle;(11, 9);False;1;1848
;(6, 10);Idle;(11, 9);False;1;1849
;(6, 10);Idle;(11, 9);False;1;1850
;(6, 10);Idle;(11, 9);False;1;1851
;(6, 10);Idle;(11, 9);False;1;1852
MoveEast;(7, 10);Idle;(11, 9);False;1;1853
MoveEast;(8, 10);Idle;(11, 9);False;1;1854
MoveEast;(9, 10);Idle;(11, 9);False;1;1855
MoveEast;(10, 10);Idle;(11, 9);False;1;1856
MoveEast;(11, 10);Idle;(11, 9);False;1;1857
MoveEast;(12, 10);Idle;(11, 9);False;1;1858
MoveEast;(13, 10);Idle;(11, 9);False;1;1859
MoveEast;(14, 10);Idle;(11, 9);False;1;1860
MoveEast;(15, 10);Idle;(11, 9);False;1;1861
MoveEast;(16, 10);Idle;(11, 9);False;1;1862
MoveEast;(17, 10);Idle;(11, 9);False;1;1863
MoveEast;(18, 10);Idle;(11, 9);False;1;1864
MoveEast;(19, 10);Idle;(11, 9);False;1;1865
MoveEast;(19, 10);Idle;(11, 9);False;1;1866
MoveEast;(19, 10);Idle;(11, 9);False;1;1867
DropObject;(19, 10);Idle;(11, 9);False;1;1868
;(19, 10);Idle;(11, 9);False;1;1869
;(19, 10);Idle;(11, 9);False;1;1870
;(19, 10);Idle;(11, 9);False;1;1871
;(19, 10);Idle;(11, 9);False;1;1872
;(19, 10);Idle;(11, 9);False;1;1873
;(19, 10);Idle;(11, 9);False;1;1874
;(19, 10);Idle;(11, 9);False;1;1875
;(19, 10);Idle;(11, 9);False;1;1876
;(19, 10);Idle;(11, 9);False;1;1877
;(19, 10);Idle;(11, 9);False;1;1878
MoveWest;(18, 10);Idle;(11, 9);False;1;1879
;(18, 10);Idle;(11, 9);False;1;1880
;(18, 10);Idle;(11, 9);False;1;1881
;(18, 10);Idle;(11, 9);False;1;1882
;(18, 10);Idle;(11, 9);False;1;1883
;(18, 10);Idle;(11, 9);False;1;1884
;(18, 10);Idle;(11, 9);False;1;1885
;(18, 10);Idle;(11, 9);False;1;1886
;(18, 10);Idle;(11, 9);False;1;1887
MoveWest;(17, 10);Idle;(11, 9);False;1;1888
MoveWest;(16, 10);Idle;(11, 9);False;1;1889
MoveWest;(15, 10);Idle;(11, 9);False;1;1890
MoveWest;(14, 10);;(11, 9);False;1;1891
MoveWest;(13, 10);Idle;(11, 9);False;1;1892
MoveWest;(12, 10);Idle;(11, 9);False;1;1893
MoveWest;(11, 10);Idle;(11, 9);False;1;1894
MoveWest;(10, 10);Idle;(11, 9);False;1;1895
;(10, 10);Idle;(11, 9);False;1;1896
;(10, 10);Idle;(11, 9);False;1;1897
;(10, 10);Idle;(11, 9);False;1;1898
;(10, 10);Idle;(11, 9);False;1;1899
;(10, 10);Idle;(11, 9);False;1;1900
;(10, 10);Idle;(11, 9);False;1;1901
;(10, 10);Idle;(11, 9);False;1;1902
;(10, 10);Idle;(11, 9);False;1;1903
;(10, 10);Idle;(11, 9);False;1;1904
;(10, 10);Idle;(11, 9);False;1;1905
;(10, 10);Idle;(11, 9);False;1;1906
;(10, 10);Idle;(11, 9);False;1;1907
GrabObject;(10, 10);Idle;(11, 9);False;1;1908
;(10, 10);Idle;(11, 9);False;1;1909
;(10, 10);Idle;(11, 9);False;1;1910
;(10, 10);Idle;(11, 9);False;1;1911
;(10, 10);Idle;(11, 9);False;1;1912
;(10, 10);Idle;(11, 9);False;1;1913
MoveEast;(11, 10);;(11, 9);False;1;1914
;(11, 10);;(11, 9);False;1;1915
;(11, 10);;(11, 9);False;1;1916
;(11, 10);;(11, 9);False;1;1917
;(11, 10);;(11, 9);False;1;1918
;(11, 10);;(11, 9);False;1;1919
;(11, 10);;(11, 9);False;1;1920
;(11, 10);;(11, 9);False;1;1921
;(11, 10);;(11, 9);False;1;1922
;(11, 10);;(11, 9);False;1;1923
;(11, 10);;(11, 9);False;1;1924
;(11, 10);;(11, 9);False;1;1925
;(11, 10);;(11, 9);False;1;1926
;(11, 10);;(11, 9);False;1;1927
;(11, 10);;(11, 9);False;1;1928
